Country,Year,total_pop,pop_dens_sq_km,urban_pop_perc,rural_pop_perc,elect_access_pop,ren_energy_cons_perc,clean_fuel_tech_cook_pop,co2_emiss_excl_lulucf,Gini coefficient (2021 prices),perceptions of criminality,homicide rate,police rate,incarceration rate,Access to small arms,intensity of internal conflict,violent demonstrations,Violent crime,Political instability,Political Terror Scale,weapons imports,terrorism impact,deaths from internal conflict,internal conflicts fought,military expenditure (% gdp),armed services personnel rate,un peacekeeping funding,nuclear and heavy weapons,weapons exports,refugees and idps,Neighbouring countries relations,external conflicts fought,deaths From external conflict,overall score,internal peace,external peace,safety and security,ongoing conflict,militarisation,"Agriculture, forestry, and fishing, value added (% of GDP)",Adjusted savings: natural resources depletion (% of GNI),Adjusted savings: net forest depletion (% of GNI),Access to electricity (% of population),Adjusted savings: energy depletion (% of GNI),Adjusted savings: carbon dioxide damage (% of GNI),Access to clean fuels and technologies for cooking (% of population),"Agriculture, forestry, and fishing, value added (annual % growth)",Cluster
Austria,2014.0,8591559.538461538,104.11487564786154,57.803538461538466,42.196461538461534,100.0,33.51538461538461,100.0,68.86525384615385,0.30513088615384615,1.8423076923076922,1.3574615384615383,2.6359230769230773,1.7866153846153845,2.0,1.0,1.6153846153846154,1.1153846153846154,1.0192307692307692,1.3461538461538463,1.5343076923076924,1.3367692307692307,1.0,1.0,1.3596923076923075,1.4661538461538461,1.2123846153846154,1.0532307692307692,1.4960769230769229,1.0,1.0,1.4500000000000002,1.0,1.3163076923076922,1.4149230769230767,1.168,1.4606923076923077,1.0412307692307692,1.458307692307692,1.2311398889912708,0.11513637619588156,0.04055316590087456,100.0,0.07169743552342077,0.5217103535748527,100.0,0.19933161347539752,0
Belgium,2014.0,11180855.846153846,368.1433211276727,97.82692307692308,2.1730769230769247,100.0,8.338461538461539,100.0,103.05848461538461,0.27672561153846154,2.430769230769231,2.2226923076923075,2.7424615384615385,1.7630769230769232,2.3076923076923075,1.0,1.6153846153846154,2.0,1.2115384615384615,1.1923076923076923,1.3676153846153847,1.6773076923076924,1.089923076923077,1.1700000000000002,1.459230769230769,1.4576923076923076,1.3982307692307692,1.1862307692307692,1.8710769230769233,1.0,1.0,1.7192307692307693,1.0,1.4971538461538463,1.6531538461538462,1.263153846153846,1.7503076923076923,1.1016153846153847,1.6153846153846154,0.736954475100823,0.03238663070168125,0.013158544351006577,100.0,0.01922808635067466,0.6264590970160797,100.0,1.5123265160094013,0
Bulgaria,2014.0,7214803.461538462,66.4566887536574,73.65330769230769,26.346692307692308,96.02307692307691,16.353846153846153,96.48953846153846,47.91072307692308,0.3761024430769231,2.9538461538461536,1.8793076923076923,3.0126923076923076,1.9462307692307694,3.0,1.0,1.7115384615384615,3.0,1.625,2.0384615384615383,1.3097692307692308,1.362769230769231,1.0,1.0,1.695,1.7143846153846154,1.6799230769230769,1.115,1.496,1.0081538461538462,1.0,1.6442307692307692,1.0,1.6411538461538462,1.8913846153846154,1.2655384615384615,2.053153846153846,1.059076923076923,1.7429999999999999,4.191488315270876,0.43886860985839615,0.0,96.02307692307691,0.15239940169439095,2.585717093260203,96.48953846153846,1.7678153067470872,0
Canada,2014.0,35502390.15384615,3.9598498429937297,81.17430769230769,18.825692307692307,100.0,22.207692307692305,100.0,578.6789692307692,0.3296116246153847,1.973076923076923,1.852,1.9698461538461538,1.9031538461538462,2.0,1.0,1.7884615384615385,1.0,1.0,1.0769230769230769,1.5360769230769231,1.5316153846153848,1.0,1.0,1.5894615384615385,1.2823076923076921,1.1378461538461537,2.0736923076923075,1.8722307692307691,1.000076923076923,1.1538461538461537,1.6826923076923077,1.0,1.393230769230769,1.4153846153846152,1.360153846153846,1.461230769230769,1.0936923076923077,1.701769230769231,1.748308416671167,0.5823116213297592,0.0,100.0,0.3873819794497875,1.15008073441962,100.0,2.4820344791869933,0
Costa Rica,2014.0,4757134.307692308,93.16753442405617,75.59769230769231,24.402307692307694,99.47692307692309,37.06923076923077,93.86923076923077,7.826446153846153,0.4869438323076923,3.623076923076923,3.9810769230769227,2.3005384615384616,3.590384615384615,4.0,1.0,1.2307692307692308,2.1923076923076925,1.0,1.5384615384615385,1.0016923076923077,1.0,1.0,1.0,1.3254615384615387,1.0,1.697,1.001153846153846,1.0067692307692306,1.002230769230769,2.269230769230769,1.0,1.0,1.7256153846153846,2.0111538461538463,1.297923076923077,2.1496153846153847,1.2554615384615386,1.6513076923076921,5.254390457346947,0.035262388698502,0.0,99.47692307692309,0.02924547802094694,0.5524890159958906,93.86923076923077,1.1138125513930872,0
Croatia,2014.0,4156861.0,74.27779504680205,56.02961538461538,43.97038461538462,100.0,30.430769230769233,100.0,19.087707692307692,0.31309636153846154,2.3692307692307693,1.5893076923076923,3.4180769230769235,1.7686153846153847,3.3846153846153846,1.0,1.1923076923076923,1.7307692307692308,2.105769230769231,1.1153846153846154,1.3083076923076922,1.0377692307692308,1.0,1.0,1.6610769230769231,1.614923076923077,1.5197692307692305,1.021,1.0046153846153847,1.4164615384615387,2.3461538461538463,1.448076923076923,1.0,1.592076923076923,1.6780769230769232,1.4626923076923077,1.7690769230769232,1.3121538461538462,1.672923076923077,3.2801873082600816,0.6861381837631977,0.19710377386997122,100.0,0.48902563152996525,1.0127435129001212,100.0,-1.371897606062253,0
Cyprus,2014.0,1199718.6923076923,129.83968531468537,67.15530769230769,32.844692307692306,100.0,9.576923076923077,100.0,7.337753846153846,0.32983456692307694,2.4346153846153844,1.557923076923077,3.2139230769230767,1.7171538461538463,2.0,2.0,1.4615384615384615,2.0,1.5192307692307692,1.6538461538461537,1.7547692307692309,1.1339230769230768,1.0,1.0,1.8571538461538462,2.8500769230769234,1.4245384615384613,1.0175384615384615,1.0,5.0,3.0,1.0,1.0,1.901,1.7398461538461538,2.142692307692308,2.2256153846153848,1.604,1.6366153846153846,1.9479740034297222,0.014846198188770662,0.0,100.0,0.003332532288223477,1.0361883143148451,100.0,-1.1078583908537825,0
Czechia,2014.0,10542763.538461538,136.52991386951138,73.50192307692308,26.498076923076926,100.0,13.5,100.0,111.06234615384616,0.25890183384615384,2.553846153846154,1.4467692307692308,2.9578461538461536,2.5899230769230766,1.0,1.3076923076923077,1.4038461538461537,1.5769230769230769,1.3846153846153846,1.0769230769230769,1.295076923076923,1.1013076923076923,1.0,1.0,1.536153846153846,1.3296153846153846,1.1673846153846155,1.0913846153846154,1.639846153846154,1.0034615384615384,1.0,1.7711538461538463,1.0,1.3980769230769232,1.5212307692307692,1.2132307692307693,1.6669230769230767,1.1326923076923077,1.2852307692307692,2.0349386153431785,0.2028297016781397,0.062281986116792205,100.0,0.14054771556134746,1.6897707704434561,100.0,3.336345464568205,0
Denmark,2014.0,5661606.538461538,141.54016346153847,87.35738461538462,12.642615384615386,100.0,29.053846153846152,100.0,38.54169230769231,0.2766525192307692,1.7653846153846153,1.4769230769230768,1.9645384615384616,1.5286153846153847,1.2307692307692308,1.0,1.2115384615384615,1.0,1.0096153846153846,1.0769230769230769,2.072,1.2411538461538463,1.0,1.0,1.5983846153846153,1.527,1.1354615384615383,1.2163846153846154,1.3174615384615385,1.0,1.3076923076923077,1.85,1.0,1.2712307692307692,1.273,1.268846153846154,1.2984615384615383,1.1398461538461537,1.4093846153846152,1.1542932568991273,0.7919215927663473,0.006937856653764638,100.0,0.7841238600060686,0.3664912667534902,100.0,0.4370036518971378,0
Estonia,2014.0,1324056.5384615385,30.916875941728886,68.45030769230769,31.549692307692307,100.0,27.16923076923077,100.0,19.670638461538463,0.3203553507692308,2.4,2.6785384615384613,2.459,2.8298461538461543,2.0,1.0,1.0576923076923077,2.0,1.5865384615384615,1.1153846153846154,1.9093846153846152,1.2369999999999999,1.0,1.0,1.9334615384615386,1.6660000000000001,1.377153846153846,1.0033076923076922,1.008,1.0073846153846153,2.923076923076923,1.8115384615384615,1.0,1.6360000000000001,1.695153846153846,1.5475384615384615,1.8311538461538461,1.4616153846153848,1.5179999999999998,2.739949760856938,0.6863414690454888,0.0,100.0,0.6863414690454888,2.2197262372701445,100.0,-0.33496174861413575,0
Finland,2014.0,5443697.769230769,17.91237650794213,84.77861538461539,15.221384615384617,100.0,40.06923076923077,100.0,50.947161538461536,0.2734136046153846,1.8115384615384615,1.8996153846153847,1.727923076923077,1.4633076923076922,2.0,1.0,1.3461538461538463,1.0,1.0576923076923077,1.0,2.5757692307692306,1.1436923076923078,1.0,1.0,1.6750769230769231,1.6665384615384615,1.1202307692307694,1.1603076923076923,2.6523846153846153,1.0,1.3076923076923077,1.5365384615384616,1.0,1.3757692307692309,1.3640769230769232,1.393230769230769,1.3283846153846153,1.111076923076923,1.8537692307692308,2.189648253421033,0.07337597351988003,0.0,100.0,0.02254829740997146,0.6096533839886475,100.0,1.4289096472469445,0
France,2014.0,66134474.307692304,120.78098592053863,79.40484615384615,20.59515384615385,100.0,13.246153846153845,100.0,344.9548384615385,0.3238953107692308,2.3576923076923078,1.6573846153846152,2.5563076923076924,1.8426153846153848,2.0,1.0,2.230769230769231,1.6538461538461537,1.2788461538461537,1.5384615384615385,1.0679230769230768,2.535307692307692,1.231923076923077,1.3157692307692308,1.922153846153846,1.5365384615384616,1.2186153846153844,5.0,4.769615384615384,1.0,1.0,2.2096153846153848,1.0,1.8155384615384615,1.6654615384615385,2.0404615384615385,1.7806923076923078,1.1902307692307692,2.752846153846154,1.4407872717890637,0.009245482564700792,0.0017659153779479848,100.0,0.007297852101280107,0.3925952692362865,100.0,0.4335761515764797,0
Germany,2014.0,81843857.07692307,234.53666717158177,77.14138461538461,22.858615384615383,100.0,13.984615384615385,100.0,766.9373307692308,0.31225704000000004,2.169230769230769,1.4870769230769232,2.5053846153846155,1.6348461538461538,2.0,1.0,2.480769230769231,2.0,1.0,1.0,1.1380000000000001,2.082923076923077,1.036923076923077,1.064923076923077,1.546230769230769,1.385076923076923,1.1571538461538462,2.053153846153846,4.07123076923077,1.0,1.0,1.728846153846154,1.0,1.5587692307692307,1.549,1.573230769230769,1.6613846153846152,1.081,2.0486153846153847,0.8127550891400044,0.05816671866189636,0.0,100.0,0.05366720901810237,0.6550295267588535,100.0,0.9371253183903632,0
Greece,2014.0,10909102.23076923,84.63229038610729,77.67846153846155,22.321538461538463,100.0,14.946153846153846,100.0,75.82153846153847,0.34552208384615385,3.1500000000000004,1.5894615384615385,3.312846153846154,1.8156923076923077,3.0,2.6153846153846154,3.0,2.0,1.5961538461538463,2.1538461538461537,3.6673846153846155,2.2103076923076923,1.0,1.0,2.2704615384615385,3.031538461538461,1.8196153846153846,1.960923076923077,1.0516153846153846,1.0,2.3076923076923075,1.4365384615384615,1.0,1.9854615384615384,2.1992307692307693,1.6653076923076924,2.106307692307692,1.6284615384615386,2.3303846153846153,3.4033816269857784,0.07510957258777363,0.010606353520392001,100.0,0.04738534059648117,1.052495452567314,100.0,-0.16150622368195017,0
Hungary,2014.0,9881105.461538462,108.768554078463,70.13907692307693,29.86092307692308,100.0,14.338461538461539,100.0,50.19667692307692,0.30069800307692307,2.8346153846153848,1.7792307692307692,2.0205384615384614,2.340692307692308,1.0,2.0,1.5961538461538463,1.9230769230769231,1.3653846153846154,1.7307692307692308,1.270230769230769,1.0915384615384616,1.0,1.0,1.497076923076923,1.416692307692308,1.3525384615384615,1.0500769230769231,1.1043846153846153,1.0073076923076922,1.9230769230769231,1.5596153846153844,1.0,1.521,1.6580000000000001,1.3153846153846156,1.7584615384615385,1.4385384615384615,1.208,3.595934884919209,0.2781859282931285,0.0,100.0,0.2781493165598523,1.1228214215900947,100.0,3.503541480104995,0
Iceland,2014.0,333402.6923076923,3.3209468778408344,93.67238461538462,6.3276153846153855,100.0,78.43076923076923,100.0,3.5083615384615383,0.2722985976923077,1.7346153846153847,1.2453846153846155,2.0793846153846154,1.3493076923076923,1.0,1.0,1.2307692307692308,1.0,1.0192307692307692,1.0,1.8193846153846154,1.0,1.0,1.0,1.1033846153846154,1.0,1.232846153846154,1.0003076923076923,1.0,1.0003076923076923,1.0,1.4326923076923077,1.0,1.1480769230769232,1.2079230769230769,1.0586923076923076,1.2424615384615385,1.0394615384615384,1.1359230769230768,5.195512613600465,0.04583471784265055,0.011219333227265954,100.0,0.0,0.38563071536124804,100.0,1.4210961874540224,0
Ireland,2014.0,4699843.461538462,68.2224337572719,62.356923076923074,37.643076923076926,100.0,8.476923076923077,100.0,38.278976923076925,0.31800599615384617,2.326923076923077,1.5216153846153846,2.491153846153846,1.6679230769230768,2.0,2.0,1.4423076923076923,2.0,1.0576923076923077,1.0384615384615385,1.2423846153846154,1.359923076923077,1.0,1.0,1.2029999999999998,1.3186923076923078,1.1136153846153847,1.0046923076923078,1.7541538461538464,1.0,1.0,1.3846153846153846,1.0,1.409,1.5773846153846154,1.1563846153846153,1.5582307692307693,1.2366153846153847,1.4136153846153845,0.9538444857439669,0.05376649093604334,0.0,100.0,0.02782482888890657,0.5471184599620236,100.0,5.854284578188018,0
Italy,2014.0,59894326.76923077,202.53876249557047,69.368,30.632,100.0,15.23076923076923,100.0,371.46965384615385,0.3489808223076923,2.8346153846153848,1.4266153846153846,3.2717692307692308,1.7838461538461539,3.0,1.0,2.423076923076923,3.0,1.5769230769230769,1.7692307692307692,1.3163846153846153,1.801153846153846,1.0,1.0,1.6757692307692307,1.4530769230769232,1.2723846153846154,2.5676153846153844,2.482769230769231,1.0,1.0,1.7000000000000002,1.0,1.7246923076923077,1.8886153846153846,1.479153846153846,2.048,1.0640769230769231,2.0933076923076923,1.8851515676432424,0.07798523391088857,0.0011433764214689155,100.0,0.0767454246012653,0.5704637321533096,100.0,-0.42849379981698554,0
Japan,2014.0,127327461.53846154,349.3208821356969,91.08615384615383,8.913846153846155,100.0,5.907692307692307,100.0,1216.0272538461538,0.3230356861538462,2.3076923076923075,1.1753076923076924,2.0017692307692307,1.391230769230769,1.0,1.0,1.5384615384615385,1.0,1.0,1.1153846153846154,1.2750769230769232,1.251,1.0,1.0,1.4566153846153846,1.293076923076923,1.5006153846153845,3.629846153846154,1.0032307692307691,1.0,3.0,1.0038461538461538,1.0,1.4391538461538462,1.2508461538461537,1.7216153846153845,1.3346153846153848,1.4033076923076924,1.6440769230769232,1.0729438828991393,0.011744597407008523,0.0,100.0,0.006523495714094323,0.7284741228925277,100.0,-2.2843028975525668,0
Latvia,2014.0,2010596.923076923,32.31057058173004,67.99130769230769,32.00869230769231,99.94615384615385,38.95384615384615,100.0,7.863184615384616,0.3532292415384616,2.853846153846154,3.1152307692307692,3.1904615384615385,3.090384615384615,2.0,1.0769230769230769,1.1923076923076923,1.8076923076923077,1.5480769230769231,1.5,1.6453846153846154,1.0,1.0,1.0,1.682,1.3992307692307693,1.2063076923076923,1.0027692307692306,1.0,1.0067692307692306,2.4615384615384617,1.698076923076923,1.0,1.6615384615384616,1.8314615384615385,1.4070769230769231,2.0262307692307693,1.3737692307692306,1.4043846153846151,3.594719471998821,0.0502745846764068,0.0,99.94615384615385,0.0502745846764068,0.8483894596811179,100.0,2.426224279665272,0
Lithuania,2014.0,2950498.6153846155,47.09137532027114,67.2183076923077,32.78169230769231,99.86923076923077,27.207692307692305,100.0,14.005246153846153,0.35928330538461534,3.2,3.1470000000000002,2.615923076923077,3.1521538461538463,2.3846153846153846,1.0,1.4615384615384615,2.0,1.6153846153846154,1.2307692307692308,1.4863846153846154,1.0292307692307692,1.0,1.0,1.5874615384615385,1.7284615384615383,2.1074615384615387,1.0070769230769232,1.0896153846153847,1.003153846153846,2.4615384615384617,1.6903846153846156,1.0,1.708846153846154,1.8503846153846153,1.4960769230769233,2.039230769230769,1.3575384615384616,1.6036923076923075,3.3094726550260245,0.043205653164834094,0.0,99.86923076923077,0.043205653164834094,0.8738599547704786,100.0,2.844270302164226,0
Netherlands,2014.0,16909875.53846154,501.8299668151075,89.35807692307692,10.641923076923076,100.0,5.915384615384616,100.0,168.0987923076923,0.28111438615384615,1.9538461538461538,1.384076923076923,2.4762307692307695,1.6044615384615386,2.0,1.0,1.7307692307692308,2.0,1.0,1.0,1.7293076923076924,1.210923076923077,1.0,1.0203846153846154,1.5918461538461537,1.3429230769230769,1.4466153846153846,1.4477692307692307,5.0,1.0,1.0,1.7961538461538462,1.0,1.527923076923077,1.4575384615384617,1.6336923076923076,1.5074615384615386,1.0752307692307692,2.209769230769231,1.757012796982894,0.503367609112166,0.0,100.0,0.503367609112166,0.6170366692086879,100.0,1.77484901117221,0
Norway,2014.0,5108775.923076923,13.992740131306531,80.69500000000001,19.305,100.0,57.63076923076923,100.0,45.744,0.26899225384615383,1.580769230769231,1.359923076923077,1.8049230769230769,1.5540769230769231,1.7307692307692308,1.0,1.1153846153846154,1.0384615384615385,1.0,1.0,4.297769230769231,2.323846153846154,1.0,1.0,1.672153846153846,1.699153846153846,1.3983846153846156,1.2896153846153846,2.3516923076923075,1.0,1.3076923076923077,1.676923076923077,1.0,1.4055384615384614,1.4037692307692307,1.4082307692307692,1.306076923076923,1.123923076923077,2.014692307692308,1.5180079485950406,5.686819395501552,0.0,100.0,5.683737637343184,0.29462664450825177,100.0,2.0263720616605227,0
Poland,2014.0,38020702.0,124.16666618385354,60.467461538461535,39.532538461538465,99.98461538461538,11.669230769230769,100.0,317.2007461538461,0.31713981461538465,2.3346153846153848,1.5113076923076922,2.291230769230769,2.614846153846154,2.0,1.3076923076923077,1.8846153846153846,2.0,1.6346153846153846,1.4615384615384615,1.5106153846153845,1.0,1.0,1.0,1.8880000000000001,1.4337692307692307,1.361846153846154,1.324153846153846,1.2322307692307695,1.0014615384615384,2.076923076923077,1.7403846153846154,1.0,1.567076923076923,1.6596153846153845,1.4283846153846154,1.7590000000000001,1.3467692307692307,1.5327692307692309,2.768260896788903,0.4459720991113334,0.0,99.98461538461538,0.1608273148655281,2.0215978578096085,100.0,0.8011711910697209,0
Portugal,2014.0,10421636.846153846,113.78559212434301,62.89576923076923,37.10423076923077,100.0,27.45384615384615,100.0,51.011353846153845,0.3515050646153846,2.373076923076923,1.535076923076923,3.261,1.9663846153846156,1.0,1.0,1.4038461538461537,1.0384615384615385,1.2596153846153846,1.6153846153846154,2.0300000000000002,1.0,1.0,1.0,1.5851538461538461,1.538769230769231,1.391846153846154,1.2246153846153847,1.3436153846153844,1.0,1.0,1.6346153846153846,1.0,1.376,1.4806153846153847,1.2186923076923077,1.6119999999999999,1.058076923076923,1.4,1.9655496339198815,0.0920623102892468,0.032808590556386207,100.0,0.02997516497804483,0.739815175157282,100.0,0.47206169174435986,0
Romania,2014.0,19882148.769230768,86.4214864579069,53.912615384615385,46.087384615384615,98.44615384615385,22.976923076923075,100.0,83.24436923076922,0.35712511153846155,2.8346153846153848,1.6972307692307693,2.2576923076923077,2.0774615384615385,3.0,1.0,2.0961538461538463,2.0,1.6442307692307692,2.1923076923076925,1.2956153846153846,1.0732307692307692,1.0,1.0,1.7140769230769233,1.532,1.9586153846153846,1.1878461538461538,1.1378461538461537,1.0044615384615385,1.0,1.9711538461538463,1.0,1.5703076923076924,1.7709230769230768,1.2693846153846153,1.8851538461538462,1.0893076923076923,1.7045384615384616,4.966235466672587,0.8831557707979787,0.0,98.44615384615385,0.8724766987016322,1.297278424311133,100.0,3.1795754533379204,0
Slovak Republic,2014.0,5419126.769230769,112.69860194834538,54.17361538461538,45.82638461538462,100.0,12.169230769230769,100.0,36.15591538461538,0.2574774738461538,2.8076923076923075,1.706846153846154,2.993153846153846,2.455230769230769,1.7692307692307692,1.8461538461538463,1.6346153846153846,2.0,1.2884615384615385,1.4230769230769231,1.0722307692307693,1.0423076923076924,1.0,1.0,1.5989230769230771,1.457230769230769,1.4858461538461538,1.0314615384615384,1.1995384615384617,1.0032307692307691,2.0,1.6807692307692308,1.0,1.5766153846153845,1.7173076923076922,1.3657692307692306,1.807,1.434076923076923,1.3663076923076924,1.9506451597565784,0.01988792857694697,0.0,100.0,0.011879218174429138,1.1478865106986416,100.0,4.715605040601391,0
Slovenia,2014.0,2061627.8461538462,102.35647537925853,53.595,46.405,100.0,20.638461538461538,100.0,15.586292307692307,0.24863540384615385,1.7576923076923079,1.3576923076923075,2.8836923076923076,1.5263076923076921,1.0,2.0,1.4230769230769231,1.0,1.0192307692307692,1.0,1.2452307692307691,1.0,1.0,1.0,1.5813076923076925,1.5526153846153847,1.8300769230769232,1.0085384615384616,1.0403846153846155,1.0003846153846152,2.0,1.4326923076923077,1.0,1.3664615384615384,1.3736153846153845,1.3557692307692308,1.3612307692307692,1.4423076923076923,1.2686153846153847,1.8488864604719037,0.194175302801366,0.17349159190989077,100.0,0.02068371089147536,0.9919945760132749,100.0,0.9074167173402938,0
Spain,2014.0,46640846.461538464,93.3464244104761,79.37846153846155,20.62153846153846,100.0,15.546153846153846,100.0,276.96756923076924,0.3524547453846154,2.169230769230769,1.3930000000000002,2.8224615384615386,2.138692307692308,2.0,1.5384615384615385,2.6923076923076925,2.0,1.4807692307692308,1.8076923076923077,1.3217692307692308,1.9055384615384614,1.0646153846153845,1.0486923076923078,1.4776923076923079,1.4403846153846156,1.7523076923076923,1.8815384615384616,2.834230769230769,1.0,1.0,1.603846153846154,1.0,1.646153846153846,1.7735384615384615,1.4549999999999998,1.8825384615384615,1.1816923076923076,1.8899230769230768,2.558854520669014,0.011206816931336785,0.0,100.0,0.0016245699165581462,0.6408378602804418,100.0,0.8445192011874723,0
Sweden,2014.0,9749912.76923077,23.936691391677723,86.267,13.733,100.0,49.23846153846154,100.0,45.360092307692305,0.28565187076923076,2.069230769230769,1.494,2.015076923076923,1.5328461538461537,2.0,1.0,1.4615384615384615,1.1538461538461537,1.0,1.0,1.487923076923077,1.4653076923076922,1.0153846153846153,1.0486923076923078,1.5813846153846154,1.3418461538461537,1.171769230769231,1.4584615384615385,4.698307692307693,1.0,1.3076923076923077,1.5826923076923076,1.0,1.4615384615384615,1.3560769230769232,1.6196923076923078,1.3753076923076923,1.1234615384615385,2.096230769230769,1.274572628972769,0.15708095134608988,0.0,100.0,0.0140662591240035,0.2471264726100955,100.0,0.9518423118210249,0
Switzerland,2014.0,8172232.230769231,206.83317737696547,73.70592307692309,26.294076923076922,100.0,22.700000000000003,100.0,41.67922307692307,0.32798094846153847,1.8538461538461537,1.3624615384615384,2.0916153846153844,1.6399230769230768,2.0,1.0,1.2307692307692308,1.0,1.0,1.2692307692307692,1.3951538461538462,1.250923076923077,1.0,1.0,1.3441538461538463,1.4096153846153845,1.1344615384615384,1.1162307692307691,5.0,1.0,1.0,1.1615384615384614,1.0,1.3976153846153847,1.321076923076923,1.5124615384615383,1.3376153846153847,1.0147692307692309,2.053769230769231,0.6741880283159536,0.0014544699506323848,0.001176847111984977,100.0,0.0002454222398691413,0.20058042192560524,100.0,0.3280584693709765,0
United Kingdom,2014.0,64592600.15384615,266.98879904867596,82.35169230769232,17.648307692307693,100.0,6.769230769230769,100.0,429.6240538461538,0.33430647076923076,2.273076923076923,1.5612307692307692,2.234153846153846,2.003,2.0,1.0769230769230769,2.8653846153846154,1.6538461538461537,1.25,1.3461538461538463,1.4936923076923077,2.5685384615384614,1.0215384615384615,1.0202307692307693,2.124923076923077,1.3886923076923077,1.2965384615384616,5.0,3.334,1.0,1.0,2.326923076923077,1.4356923076923078,1.7852307692307692,1.6528461538461536,1.9839999999999998,1.7796153846153844,1.2314615384615384,2.5653076923076927,0.6367148385069257,0.6096142888224152,0.0,100.0,0.5994137826154522,0.5071940897858777,100.0,2.8695367977835704,0
Uruguay,2014.0,3355476.230769231,19.17195880910314,94.88184615384615,5.118153846153847,99.55384615384615,54.61538461538461,100.0,7.203276923076923,0.4127250653846154,3.473076923076923,3.3726153846153846,4.208615384615384,3.2299230769230767,3.0,1.0,1.1346153846153846,2.0,1.2980769230769231,1.0,1.2831538461538463,1.1251538461538462,1.0,1.0,1.440076923076923,2.0951538461538464,2.0132307692307694,1.0332307692307692,1.0,1.0011538461538463,1.2307692307692308,1.0,1.0,1.6656153846153845,1.9596923076923076,1.2246923076923077,2.1493846153846152,1.0463846153846155,1.6918461538461538,7.1777313447247115,0.0556170176507909,0.0,99.55384615384615,0.014771763695518116,0.4905984366792734,100.0,0.7534880357752788,0
Armenia,2014.0,3011923.076923077,105.7928723892897,63.263615384615385,36.736384615384615,99.67692307692307,9.107692307692307,96.98461538461538,5.411507692307692,0.30487510692307696,1.8423076923076922,2.1206923076923077,2.5,2.039615384615385,3.4615384615384617,2.0,1.2307692307692308,2.5,3.201923076923077,2.6923076923076925,1.5739230769230768,1.035923076923077,1.1015384615384616,1.0769230769230769,2.923769230769231,3.268692307692308,1.504076923076923,1.0342307692307693,1.0113846153846153,1.1544615384615384,4.846153846153846,1.6730769230769231,1.0,2.083230769230769,2.0766923076923076,2.093,2.1056153846153847,2.0656923076923075,2.0626153846153845,16.518850955535708,0.7647853325376099,0.27238334768116307,99.67692307692307,1.5423466013565048e-09,1.5763472554151776,96.98461538461538,1.3012905549556462,1
Belarus,2014.0,9457272.923076924,46.600443110046086,76.64961538461537,23.350384615384616,96.80000000000001,7.261538461538462,99.22307692307693,62.08717692307692,0.2636911961538461,2.6423076923076922,2.6203076923076924,2.688923076923077,3.904153846153846,3.0,3.0,1.9423076923076923,2.0,3.076923076923077,2.6538461538461537,1.4611538461538462,1.9549999999999998,1.0,1.0,1.4806153846153847,1.9139230769230768,1.5453846153846154,1.4140000000000001,2.5703846153846155,1.0163076923076924,3.0,1.0,1.0,2.111076923076923,2.382923076923077,1.7035384615384617,2.4386153846153844,1.805,1.9856153846153846,7.472336136960456,0.592953585310956,0.0,96.80000000000001,0.592953585310956,3.3655368018683447,99.22307692307693,2.595351149040312,1
Bolivia,2014.0,10844698.076923076,10.01079855711537,67.95507692307692,32.04492307692308,90.60769230769232,16.546153846153846,80.77307692307691,18.177015384615384,0.4629174692307692,3.773076923076923,2.852307692307692,2.6601538461538463,1.9945384615384614,4.0,2.3846153846153846,1.9038461538461537,3.0,3.0096153846153846,2.0,1.0667692307692307,1.0951538461538461,1.0,1.0,1.6103846153846153,1.5943846153846155,3.5185384615384616,1.0227692307692307,1.0,1.0017692307692307,2.0,1.0615384615384615,1.0,1.969923076923077,2.318076923076923,1.4476923076923076,2.371923076923077,1.485846153846154,1.9793846153846153,10.921459985864285,5.2560935078566455,0.0,90.60769230769232,3.6519369082852147,2.2566906353767324,80.77307692307691,4.00132017164565,1
Brazil,2014.0,199899546.6153846,23.91675021162792,85.45923076923077,14.54076923076923,99.42307692307692,45.70769230769231,95.11538461538461,470.85407692307695,0.5284896,4.019230769230769,5.0,2.1347692307692308,3.371076923076923,3.9692307692307693,1.1538461538461537,2.173076923076923,4.115384615384615,1.6057692307692308,3.8846153846153846,1.0693076923076923,1.2424615384615385,2.2004615384615382,1.2915384615384615,1.6750769230769231,1.2557692307692307,2.925923076923077,1.5828461538461538,1.0385384615384614,1.0,1.0,1.1384615384615384,1.0,2.1532307692307695,2.7359999999999998,1.2791538461538463,2.941153846153846,1.3153846153846156,1.9778461538461538,4.511633381572577,1.6648143669958229,0.0,99.42307692307692,1.244443103934909,0.7699343836507402,95.11538461538461,3.122080276498125,1
China,2014.0,1370262692.3076923,145.955683343276,54.17515384615385,45.82484615384615,99.80000000000001,12.815384615384614,68.55384615384615,10399.152038461538,0.4027183453846154,1.9346153846153844,1.4365384615384615,2.5,1.949769230769231,2.0,2.8461538461538463,3.1153846153846154,2.0,2.7115384615384617,3.9615384615384617,1.081,2.7525384615384616,1.2055384615384617,1.1014615384615385,1.6140769230769232,1.2464615384615385,1.24,5.0,1.1253076923076923,1.0047692307692306,3.0,1.103846153846154,1.0,2.0844615384615386,2.2223076923076923,1.8781538461538463,2.307769230769231,1.8355384615384613,2.043461538461538,8.371678620734269,2.043670500377197,0.0,99.80000000000001,1.4917563100853024,3.4288176617916406,68.55384615384615,3.9028818567937447,1
Colombia,2014.0,46815467.84615385,42.19510396228376,79.37630769230769,20.62369230769231,97.82307692307693,31.06153846153846,88.51538461538462,75.85476153846153,0.5245894853846154,3.619230769230769,5.0,2.7363076923076926,2.704,4.0,4.0,1.8076923076923077,4.0,1.8557692307692308,3.8461538461538463,1.2227692307692308,3.616,2.2131538461538462,1.2996153846153846,2.018923076923077,1.8946923076923077,1.9890769230769232,1.194846153846154,1.0017692307692307,4.481692307692308,2.230769230769231,1.0,1.0092307692307694,2.6357692307692306,3.1010769230769233,1.9378461538461538,3.4284615384615384,2.1285384615384615,1.9316923076923078,6.256726643020657,4.659949166449713,0.0,97.82307692307693,4.353753057333806,0.8346821353691638,88.51538461538462,2.532950876351985,1
Dominican Republic,2014.0,10303958.538461538,213.3693412947884,77.41261538461539,22.587384615384615,98.5923076923077,16.346153846153847,89.0076923076923,22.634461538461537,0.4526266238461538,4.023076923076923,4.775230769230769,2.6014615384615385,2.775384615384615,3.0,1.6923076923076923,1.6538461538461537,3.0,2.25,3.230769230769231,1.0486153846153845,1.0,1.0,1.0,1.2955384615384615,1.6756923076923076,3.994153846153846,1.01,1.0023076923076923,1.001076923076923,2.0,1.0288461538461537,1.0,2.0389999999999997,2.424384615384615,1.4610769230769232,2.711461538461539,1.3436153846153844,1.8274615384615385,5.144861692466356,0.530801275495935,0.03488897161976656,98.5923076923077,0.0,1.1955759422239924,89.0076923076923,2.888816462009234,1
Ecuador,2014.0,16052695.384615384,64.63478573286916,63.25269230769231,36.74730769230769,98.13076923076923,14.576923076923077,94.13461538461539,38.66855384615384,0.4653990969230769,3.5384615384615383,3.969692307692308,2.3030769230769232,2.1569230769230767,3.1153846153846154,2.769230769230769,1.4615384615384615,3.0,3.076923076923077,2.3846153846153846,1.210076923076923,1.257153846153846,1.083076923076923,1.0244615384615385,1.890923076923077,1.511076923076923,2.3743846153846153,1.1246923076923077,1.0043076923076923,1.002153846153846,2.1923076923076925,1.0,1.0,2.0101538461538464,2.4026923076923077,1.4210769230769231,2.4892307692307694,1.6153846153846154,1.7473846153846155,7.7984497146967,7.9313285354852345,0.07690092964450722,98.13076923076923,7.785845711460695,1.4607799965012285,94.13461538461539,3.8178675889937663,1
El Salvador,2014.0,6148194.461538462,296.72753192753186,68.75469230769231,31.245307692307694,94.80000000000001,26.200000000000003,83.33076923076922,7.017769230769231,0.4155095315384615,3.6115384615384616,5.0,2.766230769230769,4.495076923076923,3.8461538461538463,2.230769230769231,1.3269230769230769,5.0,1.7980769230769231,2.5384615384615383,1.033076923076923,1.385153846153846,1.003076923076923,1.0,1.308076923076923,1.4566923076923077,1.7253846153846153,1.015923076923077,1.0,1.166153846153846,2.0,1.5173076923076925,1.0,2.167692307692308,2.7133076923076924,1.3491538461538464,2.981923076923077,1.496923076923077,1.6843076923076923,6.02723591016534,0.8911405371191149,0.8479062740951131,94.80000000000001,0.04323426302400182,1.0843404111216663,83.33076923076922,-0.703980265022931,1
Georgia,2014.0,3747859.3076923075,65.57016179174056,57.08184615384615,42.91815384615385,99.9923076923077,30.23846153846154,76.05384615384615,9.103707692307692,0.3759808792307692,1.7923076923076924,2.702,2.1705384615384613,3.7718461538461536,4.0,3.6923076923076925,1.5769230769230769,2.5384615384615383,2.923076923076923,2.423076923076923,1.6953076923076924,1.7826153846153845,1.1331538461538462,1.0203846153846154,2.5716923076923077,1.7692307692307692,1.3563846153846153,1.026076923076923,1.0416923076923077,3.5687692307692305,3.6923076923076925,1.5480769230769231,1.0,2.2955384615384613,2.4385384615384615,2.081384615384615,2.5919230769230768,2.1632307692307693,1.9405384615384615,8.346156839721202,0.5799403750667387,0.08637971074501448,99.9923076923077,0.021479752829949607,1.8380076989297238,76.05384615384615,2.891065024302761,1
Honduras,2014.0,9064825.23076923,81.01550836329638,54.493307692307695,45.506692307692305,86.25384615384615,50.15384615384615,45.08846153846154,9.389146153846154,0.5066199138461539,3.3423076923076924,5.0,1.7566153846153845,2.3552307692307695,4.0,2.3461538461538463,1.75,5.0,2.519230769230769,2.9615384615384617,1.029153846153846,1.3413846153846154,1.584846153846154,1.0851538461538461,1.4886923076923078,1.2246923076923077,3.3154615384615385,1.0067692307692306,1.0,1.2743846153846154,2.076923076923077,1.0288461538461537,1.0,2.2023076923076923,2.7063076923076923,1.4463846153846154,2.8623076923076924,1.616923076923077,1.8902307692307692,12.188751462656509,0.44141572802211637,0.30471631169471014,86.25384615384615,0.0013326821146628616,1.6868394561706854,45.08846153846154,3.0196753118042747,1
Indonesia,2014.0,258277776.46153846,137.56333569009868,52.59661538461538,47.40338461538462,96.33846153846154,29.307692307692307,60.28846153846154,507.77348461538463,0.3630221453846154,1.7807692307692307,1.281923076923077,1.7727692307692307,1.545076923076923,2.0,2.0,2.326923076923077,3.5384615384615383,1.8269230769230769,3.076923076923077,1.1176153846153847,2.683230769230769,1.299,1.0081538461538462,1.3423076923076922,1.214923076923077,1.5449230769230768,1.4851538461538463,1.0063076923076921,1.002,2.0,1.25,1.0,1.7148461538461537,1.9733076923076922,1.3273846153846154,2.075076923076923,1.4866153846153847,1.4067692307692308,13.586796464015377,3.0970354886957483,0.0,96.33846153846154,2.6438939985801735,1.9630954295959948,60.28846153846154,3.774959599623723,1
Iran,2014.0,81647324.07692307,50.1915499648145,72.76953846153846,27.230461538461537,99.73846153846154,0.9153846153846155,96.83846153846154,619.2436076923077,0.3704894161538462,2.776923076923077,2.161230769230769,3.480769230769231,3.1855384615384614,3.0,3.8461538461538463,2.5,2.0,3.7403846153846154,3.9615384615384617,1.1033076923076923,2.9303076923076925,1.952846153846154,1.250923076923077,2.4509230769230768,2.028769230769231,2.761923076923077,1.5875384615384616,1.0645384615384617,1.0355384615384615,3.8461538461538463,1.7692307692307692,1.2136923076923076,2.4630769230769234,2.7869230769230766,1.9770769230769232,2.7436923076923074,2.4770769230769227,1.9790769230769232,8.885644366873287,5.193835019597378,0.0,99.73846153846154,4.868626013319508,5.106294095320711,96.83846153846154,2.8472560869405417,1
Israel,2014.0,8243138.461538462,380.92137068107485,92.11961538461539,7.880384615384615,100.0,5.423076923076923,100.0,67.88320769230769,0.400598496923077,2.4307692307692306,1.8423076923076922,2.804076923076923,3.082076923076923,3.0,3.0,2.0384615384615383,2.0,2.3173076923076925,4.038461538461538,4.289846153846154,2.808153846153846,1.3931538461538462,1.684076923076923,3.5020000000000002,4.631153846153846,1.1475384615384614,5.0,5.0,1.0043846153846154,4.0,1.0384615384615385,1.1560000000000001,2.6725384615384615,2.551153846153846,2.8545384615384615,2.3968461538461536,2.191076923076923,3.8906923076923077,1.57231917543155,0.1263565541609707,0.0,100.0,0.07864282545681123,0.7522433162079083,100.0,0.08379226518491639,1
Kazakhstan,2014.0,17873244.230769232,6.620455691658048,57.133153846153846,42.866846153846154,99.98461538461538,1.5692307692307692,92.60769230769232,233.8001769230769,0.27755240000000003,2.8615384615384616,3.3734615384615383,2.3246153846153845,3.2452307692307696,4.0,2.5384615384615383,1.75,2.0,3.1923076923076925,2.769230769230769,1.4715384615384615,2.012,1.0,1.0,1.4423846153846154,1.3876153846153847,1.3093076923076923,1.2944615384615383,1.0046153846153847,1.006,2.3846153846153846,1.2115384615384615,1.0,2.002,2.4202307692307694,1.374923076923077,2.468538461538462,1.607846153846154,1.7717692307692308,4.778510083859873,9.247143655920397,0.0,99.98461538461538,7.37328895885255,4.919302035516282,92.60769230769232,2.9769230759271226,1
Kyrgyz Republic,2014.0,5949234.192307692,31.017905069383175,35.804307692307695,64.19569230769231,99.46153846153847,24.93846153846154,74.63846153846154,9.136138461538462,0.2859860823076923,3.226923076923077,3.1955384615384617,2.5,2.427769230769231,4.0,4.0,1.5,3.576923076923077,2.625,2.923076923076923,1.0253846153846153,1.445076923076923,1.0814615384615385,1.0203846153846154,1.6817692307692307,1.2874615384615384,3.5755384615384616,1.0195384615384615,1.1436153846153847,1.202,3.0,1.0,1.0,2.214384615384615,2.5905384615384617,1.6502307692307692,2.527769230769231,2.0246923076923076,1.9782307692307692,15.069172051047556,4.563863614005013,0.0,99.46153846153847,0.06064996868289256,4.742873573253652,74.63846153846154,2.1085053817165607,1
Moldova,2014.0,2802746.6153846155,97.60838654511984,42.60653846153846,57.39346153846154,99.66923076923078,20.46153846153846,94.66538461538462,8.223930769230769,0.2852357584615385,3.4269230769230767,3.0055384615384617,2.4099999999999997,2.8515384615384614,2.0,3.0,2.2884615384615383,2.0,3.2403846153846154,2.5,1.0,1.270846153846154,1.0,1.0,1.149,1.2420769230769229,1.7016153846153845,1.004,1.2763076923076921,1.036923076923077,3.0,1.35,1.0,1.972923076923077,2.2921538461538464,1.4940769230769233,2.4295384615384616,1.8374615384615385,1.3543076923076924,11.007567088581842,0.023901680341715564,0.0,99.66923076923078,0.023901680341715564,2.960307301281962,94.66538461538462,4.190612850716112,1
North Macedonia,2014.0,1917146.3076923077,76.01452019690063,57.495615384615384,42.504384615384616,99.72307692307693,19.83076923076923,72.52307692307691,8.67783846153846,0.37081368846153845,2.5,1.7852307692307692,3.430692307692308,2.054923076923077,4.0,2.3846153846153846,1.5,2.8076923076923075,2.9038461538461537,2.076923076923077,1.0183076923076924,1.2823076923076924,1.0,1.0,1.6292307692307693,1.6566153846153848,2.4883076923076923,1.009923076923077,1.0,1.0732307692307692,2.4615384615384617,1.5961538461538463,1.0,1.903,2.1623076923076923,1.5139999999999998,2.165153846153846,1.6276153846153845,1.8597692307692308,9.426143495065652,0.4586547553867701,0.0,99.72307692307693,0.008243236133169608,2.623322844821109,72.52307692307691,0.696539938769784,1
Panama,2014.0,3895954.153846154,52.484653459787516,66.41707692307692,33.58292307692307,90.66923076923078,21.96153846153846,100.0,10.050600000000001,0.5089897569230769,3.4884615384615385,4.176,2.9921538461538466,3.9250769230769227,3.0,1.0769230769230769,1.5576923076923077,2.8846153846153846,2.0288461538461537,1.3461538461538463,1.0,1.1054615384615385,1.0,1.0,1.551923076923077,1.0,2.401307692307692,1.007153846153846,1.0004615384615385,1.0006923076923075,2.0,1.0,1.0,1.8356923076923077,2.1822307692307694,1.316,2.466,1.2165384615384616,1.583923076923077,3.1215507515227046,0.06185167315507219,0.0,90.66923076923078,0.0036047254211321,0.8116213647899564,100.0,1.206191610524256,1
Paraguay,2014.0,6083056.846153846,15.310991306704862,60.43807692307693,39.56192307692307,98.53846153846153,62.276923076923076,62.75384615384615,6.523007692307692,0.48350305846153846,3.8076923076923075,4.095384615384615,2.4266923076923077,2.1967692307692306,4.0,2.769230769230769,1.6346153846153846,3.3846153846153846,2.3653846153846154,2.3846153846153846,1.0182307692307693,1.9684615384615385,1.0061538461538462,1.0,1.349076923076923,1.2652307692307692,2.413923076923077,1.004,1.0,1.0003846153846152,1.6153846153846154,1.1384615384615384,1.0,2.000923076923077,2.4923076923076923,1.2637692307692308,2.5605384615384614,1.4940769230769233,1.7709230769230768,11.193972361703024,1.727367907399614,1.6231965895214406,98.53846153846153,0.10417131787817252,0.6582360392148855,62.75384615384615,6.079528549049085,1
Peru,2014.0,30409558.846153848,23.75746784846154,77.17115384615384,22.82884615384615,91.91538461538462,29.692307692307693,73.58461538461539,50.509461538461544,0.4415942269230769,3.680769230769231,3.132230769230769,2.6529999999999996,2.7233846153846155,3.0384615384615383,2.0,1.5961538461538463,3.5384615384615383,2.0865384615384617,2.3846153846153846,1.231769230769231,2.4036923076923076,1.4996923076923079,1.081076923076923,1.5331538461538463,1.5028461538461537,3.0523076923076924,1.3523846153846153,1.0007692307692309,1.0053076923076922,1.9230769230769231,1.1846153846153846,1.0,2.0016923076923074,2.3796153846153847,1.4347692307692308,2.5103846153846154,1.5130769230769232,1.8126153846153845,6.99276196073627,4.43975548714227,0.1850133888092969,91.91538461538462,0.44421925591878686,0.9738697082724012,73.58461538461539,3.1463012977450733,1
Russian Federation,2014.0,144143282.0,8.801638041945743,74.04176923076923,25.95823076923077,99.21538461538461,3.338461538461538,99.54615384615384,1753.6036384615386,0.38866859076923077,3.3153846153846156,4.189461538461538,3.609692307692308,4.693692307692308,4.0,3.0,2.230769230769231,3.076923076923077,2.8653846153846154,3.9615384615384617,1.0344615384615385,3.431923076923077,2.2516923076923074,1.6639230769230768,2.362230769230769,1.966076923076923,1.5754615384615387,5.0,5.0,1.0274615384615384,4.153846153846154,2.246153846153846,1.0,2.970846153846154,3.1407692307692305,2.716076923076923,3.2026923076923075,2.4720769230769233,3.286769230769231,3.5238855768974613,6.805871951722974,0.0,99.21538461538461,6.452845777040701,3.478380269940643,99.54615384615384,2.0343748214425434,1
Thailand,2014.0,69994292.38461539,137.00462405726338,46.79484615384615,53.20515384615385,99.22307692307693,22.930769230769233,77.46538461538461,263.7113538461538,0.3740023476923077,2.4923076923076923,2.8063076923076924,2.529923076923077,4.158153846153846,2.0,3.0,2.0,3.576923076923077,3.1538461538461537,3.5,1.1774615384615386,3.6426923076923075,2.173230769230769,1.4736153846153845,1.6836923076923076,1.724153846153846,1.2946923076923076,1.525,1.0110000000000001,1.0001538461538462,2.5384615384615383,1.1384615384615384,1.0184615384615385,2.237769230769231,2.7537692307692305,1.4637692307692307,2.8522307692307693,2.0136153846153846,1.4922307692307692,9.667624980931318,1.6538514296678888,0.0,99.22307692307693,1.6407650035636143,2.164042256887481,77.46538461538461,0.8310540805802358,1
Turkiye,2014.0,77241727.76923077,100.36215813992547,72.99753846153847,27.00246153846154,99.95384615384616,12.946153846153846,94.6923076923077,364.99863846153846,0.41228800615384614,3.0461538461538464,2.4862307692307692,3.438846153846154,2.740923076923077,2.9615384615384617,3.8846153846153846,2.5384615384615383,3.0,2.923076923076923,3.769230769230769,1.6625384615384615,3.659307692307692,2.405923076923077,1.749076923076923,1.7946153846153845,1.9176923076923076,1.16,2.428,1.2172307692307691,1.0495384615384615,3.423076923076923,1.5480769230769231,1.3275384615384616,2.497153846153846,2.9323846153846156,1.8444615384615386,2.8093076923076925,2.5448461538461538,1.9347692307692308,7.0367986979904265,0.19486205360430506,0.0,99.95384615384616,0.08300219597040391,1.4953410453835625,94.6923076923077,3.658591528337143,1
Ukraine,2014.0,45861547.384615384,79.16312761354834,68.97161538461538,31.028384615384617,99.96923076923076,4.646153846153846,94.91153846153846,262.7377230769231,0.25344140692307693,3.3884615384615384,2.8416923076923077,2.893384615384616,2.974923076923077,3.4615384615384617,3.5384615384615383,1.7307692307692308,3.4615384615384617,3.3076923076923075,3.3076923076923075,1.0102307692307693,2.090461538461539,1.7953076923076923,1.404846153846154,1.7733076923076925,1.538769230769231,1.9896923076923076,1.4578461538461538,2.6313076923076926,1.529923076923077,3.8461538461538463,1.4038461538461537,1.0,2.457,2.764692307692308,1.9951538461538463,2.792307692307692,2.3226923076923076,2.0751538461538463,9.075311380876851,1.0663831115707259,0.0,99.96923076923076,0.779734468295021,5.517820598918783,94.91153846153846,3.116159363479046,1
United States,2014.0,318132924.53846157,34.778432010169155,81.51007692307692,18.489923076923077,100.0,8.86923076923077,100.0,5155.757430769231,0.4115141753846154,2.2115384615384617,2.751153846153846,2.0686923076923076,5.0,3.0,1.3076923076923077,3.7115384615384617,1.3076923076923077,1.0673076923076923,2.6153846153846154,1.1637692307692307,2.6467692307692308,1.0892307692307692,1.154076923076923,2.9076153846153847,1.698846153846154,1.1771538461538462,5.0,4.565615384615385,1.000076923076923,2.0,4.003846153846154,1.8616923076923075,2.308846153846154,2.1342307692307694,2.570923076923077,2.3305384615384614,1.7461538461538462,3.0347692307692307,0.9768802689211815,0.3255148996055785,0.0,100.0,0.2624765944847856,0.947049231415228,100.0,1.4751124059046548,1
