country,country_code,year,total_pop,pop_dens_sq_km,urban_pop_perc,rural_pop_perc,elect_access_pop,ren_energy_cons_perc,clean_fuel_tech_cook_pop,co2_emiss_excl_lulucf
Armenia,ARM,2008,3087100.0,108.433438707411,63.64,36.36,99.2,6.4,94.9,5.6482
Armenia,ARM,2009,3066000.0,107.692307692308,63.54,36.46,99.3,7.8,95.6,4.5018
Armenia,ARM,2010,3044800.0,106.947664207938,63.44,36.56,99.8,9.4,96.1,4.2988
Armenia,ARM,2011,3027900.0,106.354056902002,63.34,36.66,99.5,8.0,96.6,4.9037
Armenia,ARM,2012,3024100.0,106.220583069898,63.24,36.76,99.5,6.6,96.8,5.6692
Armenia,ARM,2013,3022000.0,106.146821215314,63.164,36.836,99.4,6.8,97.1,5.4813
Armenia,ARM,2014,3013800.0,105.858798735511,63.112,36.888,99.7,7.1,97.3,5.4722
Armenia,ARM,2015,3004600.0,105.535651563049,63.085,36.915,100.0,10.7,97.5,5.3342
Armenia,ARM,2016,2992300.0,105.103617843344,63.082,36.918,99.8,13.2,97.6,5.0789
Armenia,ARM,2017,2979400.0,104.650509308044,63.103,36.897,99.7,12.6,97.7,5.3808
Armenia,ARM,2018,2969000.0,104.285212504391,63.149,36.851,99.9,11.1,97.8,5.6947
Armenia,ARM,2019,2962500.0,104.056902002107,63.219,36.781,100.0,10.3,97.9,6.182
Armenia,ARM,2020,2961500.0,104.021777309449,63.313,36.687,100.0,8.4,97.9,6.7038
Austria,AUT,2008,8321496.0,100.842171594765,57.966,42.034,100.0,29.7,100.0,74.5096
Austria,AUT,2009,8343323.0,101.106677169171,57.683,42.317,100.0,31.3,100.0,67.9079
Austria,AUT,2010,8363404.0,101.350024236549,57.399,42.601,100.0,31.1,100.0,73.581
Austria,AUT,2011,8391643.0,101.692232186137,57.115,42.885,100.0,31.6,100.0,71.9557
Austria,AUT,2012,8429991.0,102.156943771207,57.147,42.853,100.0,34.4,100.0,68.8985
Austria,AUT,2013,8479823.0,102.760821619001,57.336,42.664,100.0,34.6,100.0,69.4999
Austria,AUT,2014,8546356.0,103.567086766844,57.526,42.474,100.0,35.7,100.0,65.8761
Austria,AUT,2015,8642699.0,104.734597673291,57.715,42.285,100.0,34.8,100.0,67.2562
Austria,AUT,2016,8736668.0,105.873339796413,57.905,42.095,100.0,34.6,100.0,67.6656
Austria,AUT,2017,8797566.0,106.61131846825,58.094,41.906,100.0,34.0,100.0,69.9541
Austria,AUT,2018,8840521.0,107.131858943286,58.297,41.703,100.0,34.1,100.0,66.9575
Austria,AUT,2019,8879920.0,107.609306834707,58.515,41.485,100.0,34.0,100.0,68.5563
Austria,AUT,2020,8916864.0,108.057004362579,58.748,41.252,100.0,35.8,100.0,62.6299
Belarus,BLR,2008,9527985.0,46.9585563473992,73.726,26.274,93.2,7.1,98.1,64.4619
Belarus,BLR,2009,9504583.0,46.8441433626748,74.172,25.828,93.8,7.4,98.5,61.352
Belarus,BLR,2010,9483836.0,46.7409685463919,74.672,25.328,94.4,7.3,98.7,65.8561
Belarus,BLR,2011,9461643.0,46.6297521068454,75.188,24.812,95.0,7.5,99.0,62.6977
Belarus,BLR,2012,9446836.0,46.5593029044007,75.697,24.303,95.6,7.2,99.2,63.98
Belarus,BLR,2013,9443211.0,46.5393725235082,76.199,23.801,96.2,7.0,99.3,64.1533
Belarus,BLR,2014,9448515.0,46.5506003261518,76.693,23.307,96.8,6.7,99.4,63.6974
Belarus,BLR,2015,9461076.0,46.611337189252,77.181,22.819,97.4,6.8,99.5,59.0118
Belarus,BLR,2016,9469379.0,46.6499448243246,77.661,22.339,98.0,6.7,99.5,58.9515
Belarus,BLR,2017,9458989.0,46.5987595325832,78.134,21.866,98.7,7.3,99.6,60.1134
Belarus,BLR,2018,9438785.0,46.5010592176569,78.595,21.405,99.3,7.2,99.7,63.4636
Belarus,BLR,2019,9419758.0,46.4107506220284,79.044,20.956,100.0,7.8,99.7,61.3005
Belarus,BLR,2020,9379952.0,46.211212927382,79.483,20.517,100.0,8.4,99.7,58.0941
Belgium,BEL,2008,10709973.0,353.079912966077,97.555,2.44499999999999,100.0,4.0,100.0,114.3278
Belgium,BEL,2009,10796493.0,355.932252002769,97.603,2.39700000000001,100.0,4.9,100.0,107.0745
Belgium,BEL,2010,10895586.0,359.199090099891,97.651,2.349,100.0,6.2,100.0,114.6444
Belgium,BEL,2011,11038264.0,363.902812118814,97.698,2.30200000000001,100.0,6.7,100.0,104.2439
Belgium,BEL,2012,11106932.0,366.166617215574,97.744,2.256,100.0,7.7,100.0,102.773
Belgium,BEL,2013,11159407.0,367.896581281113,97.789,2.211,100.0,8.3,100.0,104.1691
Belgium,BEL,2014,11209057.0,369.533412455082,97.833,2.167,100.0,9.1,100.0,97.4685
Belgium,BEL,2015,11274196.0,371.680875614018,97.876,2.124,100.0,9.4,100.0,102.0938
Belgium,BEL,2016,11331422.0,373.567467774371,97.919,2.081,100.0,9.2,100.0,101.0047
Belgium,BEL,2017,11375158.0,375.009329772855,97.961,2.039,100.0,9.7,100.0,99.4023
Belgium,BEL,2018,11427054.0,374.74351490506,98.001,1.999,100.0,10.7,100.0,100.1343
Belgium,BEL,2019,11488980.0,376.761985964452,98.041,1.959,100.0,10.2,100.0,100.0509
Belgium,BEL,2020,11538604.0,378.38932248967,98.079,1.92100000000001,100.0,12.3,100.0,92.3731
Brazil,BRA,2008,190367302.0,22.7762758221327,83.749,16.251,98.5,47.0,93.1,409.2582
Brazil,BRA,2009,192079951.0,22.9811837322658,84.044,15.956,98.9,48.9,93.4,382.7997
Brazil,BRA,2010,193701929.0,23.175243415401,84.335,15.665,98.6,46.8,93.9,436.393
Brazil,BRA,2011,195284734.0,23.3646162902273,84.631,15.369,99.3,45.2,94.3,458.3598
Brazil,BRA,2012,196876111.0,23.555014752086,84.923,15.077,99.5,43.5,94.7,495.2275
Brazil,BRA,2013,198478299.0,23.7467066835444,85.209,14.791,99.6,42.3,95.1,520.3719
Brazil,BRA,2014,200085127.0,23.93895376,85.492,14.508,99.7,41.7,95.4,545.1421
Brazil,BRA,2015,201675532.0,24.1292359304821,85.77,14.23,99.7,43.7,95.7,515.5152
Brazil,BRA,2016,203218114.0,24.3137963709629,86.042,13.958,99.7,45.4,95.8,480.8269
Brazil,BRA,2017,204703445.0,24.4915070817191,86.309,13.691,99.8,45.3,96.1,492.7353
Brazil,BRA,2018,206107261.0,24.659465024515,86.569,13.431,99.7,46.9,96.2,468.764
Brazil,BRA,2019,207455459.0,24.8207686159839,86.824,13.176,99.8,47.5,96.4,468.014
Brazil,BRA,2020,208660842.0,24.9649852718428,87.073,12.927,99.7,50.0,96.4,447.6954
Canada,CAN,2008,33247298.0,3.70832237476842,80.578,19.422,100.0,21.6,100.0,580.5967
Canada,CAN,2009,33630069.0,3.75101571675707,80.758,19.242,100.0,22.2,100.0,547.2832
Canada,CAN,2010,34005902.0,3.79293521117963,80.937,19.063,100.0,21.4,100.0,563.41
Canada,CAN,2011,34339221.0,3.83011279793076,81.096,18.904,100.0,21.5,100.0,575.9768
Canada,CAN,2012,34713395.0,3.8718472515473,81.137,18.863,100.0,21.8,100.0,573.5173
Canada,CAN,2013,35080992.0,3.91284812265562,81.178,18.822,100.0,22.2,100.0,582.6315
Canada,CAN,2014,35434066.0,3.9522291338328,81.218,18.782,100.0,22.2,100.0,588.8153
Canada,CAN,2015,35704498.0,3.98239245827659,81.259,18.741,100.0,22.3,100.0,585.6989
Canada,CAN,2016,36110803.0,4.02771072511681,81.3,18.7,100.0,22.1,100.0,584.0312
Canada,CAN,2017,36545075.0,4.07614836279598,81.35,18.65,100.0,22.8,100.0,595.0612
Canada,CAN,2018,37072620.0,4.13498944297029,81.411,18.589,100.0,22.3,100.0,606.8575
Canada,CAN,2019,37618495.0,4.19587500655283,81.482,18.518,100.0,22.4,100.0,593.9794
Canada,CAN,2020,38028638.0,4.24162135453439,81.562,18.438,100.0,23.9,100.0,544.9676
China,CHN,2008,1324655000.0,141.097705219827,46.539,53.461,98.8,14.1,52.7,7774.9554
China,CHN,2009,1331260000.0,141.801244134798,47.88,52.12,99.1,13.4,55.2,8340.2013
China,CHN,2010,1337705000.0,142.4877434,49.226,50.774,99.7,12.3,57.4,9124.9114
China,CHN,2011,1345035000.0,143.268509836432,50.511,49.489,99.9,11.3,60.1,9975.9314
China,CHN,2012,1354190000.0,144.243669001474,51.765,48.235,99.9,11.5,62.9,10288.8595
China,CHN,2013,1363240000.0,145.207643927049,53.013,46.987,100.0,11.5,65.8,10782.993
China,CHN,2014,1371860000.0,146.125816729087,54.259,45.741,100.0,11.9,68.8,10909.7228
China,CHN,2015,1379860000.0,146.977949259981,55.5,44.5,100.0,12.2,71.5,10768.9819
China,CHN,2016,1387790000.0,147.822641376791,56.736,43.264,100.0,12.6,74.4,10786.0992
China,CHN,2017,1396215000.0,148.720043543977,57.96,42.04,100.0,13.1,77.1,11026.1102
China,CHN,2018,1402760000.0,149.417194545073,59.152,40.848,100.0,13.5,79.5,11553.536
China,CHN,2019,1407745000.0,149.948179684945,60.308,39.692,100.0,14.3,82.0,11819.3583
China,CHN,2020,1411100000.0,150.305542803154,61.428,38.572,100.0,14.9,83.8,12037.3161
Colombia,COL,2008,43758808.0,39.4401153672826,77.204,22.796,96.8,30.8,83.9,61.4985
Colombia,COL,2009,44271541.0,39.9022451554754,77.587,22.413,96.1,31.4,84.9,64.3763
Colombia,COL,2010,44777319.0,40.3581063542136,77.964,22.036,96.8,30.6,85.6,66.1633
Colombia,COL,2011,45259614.0,40.7928021631365,78.335,21.665,96.7,29.6,86.5,71.4373
Colombia,COL,2012,45715810.0,41.2039747634069,78.701,21.299,97.0,29.6,87.1,71.6643
Colombia,COL,2013,46151584.0,41.5967408742677,79.061,20.939,97.8,32.0,87.9,79.3336
Colombia,COL,2014,46565429.0,41.969742226228,79.415,20.585,97.8,32.1,88.8,81.4547
Colombia,COL,2015,46969940.0,42.3343307796305,79.764,20.236,98.2,31.1,89.4,82.5923
Colombia,COL,2016,47437512.0,42.7557566471383,80.108,19.892,98.4,30.5,90.0,85.4112
Colombia,COL,2017,48131078.0,43.3808724650744,80.446,19.554,98.5,32.2,90.7,77.7974
Colombia,COL,2018,49024465.0,44.1860883280757,80.778,19.222,98.5,30.4,91.4,81.6321
Colombia,COL,2019,49907985.0,44.9824109959441,81.104,18.896,99.4,31.5,91.9,81.4829
Colombia,COL,2020,50629997.0,45.6331653898152,81.425,18.575,99.7,32.0,92.6,81.268
Costa Rica,CRI,2008,4440056.0,86.9576184880533,69.39,30.61,99.3,40.7,91.8,7.635
Costa Rica,CRI,2009,4499791.0,88.1275166470819,70.575,29.425,99.4,40.7,92.1,7.3266
Costa Rica,CRI,2010,4555962.0,89.2276145710928,71.736,28.264,99.0,40.4,92.4,7.2454
Costa Rica,CRI,2011,4609833.0,90.2826674500588,72.868,27.132,99.2,38.0,92.8,7.7059
Costa Rica,CRI,2012,4663934.0,91.3422248335292,73.946,26.054,99.5,38.1,93.2,7.6448
Costa Rica,CRI,2013,4716147.0,92.3648061104583,74.97,25.03,99.6,37.8,93.5,7.9449
Costa Rica,CRI,2014,4767119.0,93.3630826478653,75.941,24.059,99.4,37.6,93.9,8.0558
Costa Rica,CRI,2015,4818038.0,94.360321190756,76.862,23.138,99.4,38.3,94.2,7.7698
Costa Rica,CRI,2016,4866998.0,95.3191931061496,77.735,22.265,99.5,34.1,94.6,8.2305
Costa Rica,CRI,2017,4913177.0,96.2235996866432,78.56,21.44,99.6,33.3,95.0,8.3771
Costa Rica,CRI,2018,4957818.0,97.0978848413631,79.34,20.66,99.7,33.1,95.3,8.4455
Costa Rica,CRI,2019,4999553.0,97.9152565609087,80.076,19.924,99.7,33.4,95.6,8.1893
Costa Rica,CRI,2020,5034320.0,98.5961613787701,80.771,19.229,99.9,36.4,95.9,7.1732
Croatia,HRV,2008,4309705.0,77.0085233364306,54.819,45.181,100.0,24.1,100.0,23.2226
Croatia,HRV,2009,4305181.0,76.927685655064,54.987,45.013,100.0,27.2,100.0,21.572
Croatia,HRV,2010,4295427.0,76.7533950396684,55.155,44.845,100.0,29.8,100.0,20.8272
Croatia,HRV,2011,4280622.0,76.4888499749839,55.322,44.678,100.0,27.2,100.0,20.3379
Croatia,HRV,2012,4260368.0,76.1269387463369,55.506,44.494,100.0,29.4,100.0,18.6918
Croatia,HRV,2013,4233922.0,75.6543849617611,55.706,44.294,100.0,32.8,100.0,18.3064
Croatia,HRV,2014,4201598.0,75.0767993710242,55.923,44.077,100.0,33.6,100.0,17.6208
Croatia,HRV,2015,4151725.0,74.1856371953399,56.155,43.845,100.0,33.1,100.0,17.9625
Croatia,HRV,2016,4106867.0,73.3840861982703,56.403,43.597,100.0,31.8,100.0,18.2083
Croatia,HRV,2017,4041407.0,72.2144056893717,56.667,43.333,100.0,29.8,100.0,18.7342
Croatia,HRV,2018,3988775.0,71.2739439639768,56.947,43.053,100.0,32.8,100.0,17.7075
Croatia,HRV,2019,3949390.0,70.5701879779859,57.242,42.758,100.0,31.6,100.0,17.935
Croatia,HRV,2020,3914206.0,69.946497498213,57.553,42.447,100.0,32.4,100.0,17.014
Cyprus,CYP,2008,1091026.0,118.076406926407,67.839,32.161,100.0,5.7,100.0,8.4936
Cyprus,CYP,2009,1109371.0,120.061796536797,67.695,32.305,100.0,6.3,100.0,8.2866
Cyprus,CYP,2010,1127816.0,122.058008658009,67.551,32.449,100.0,6.5,100.0,7.9134
Cyprus,CYP,2011,1146493.0,124.079329004329,67.406,32.594,100.0,7.6,100.0,7.6557
Cyprus,CYP,2012,1165397.0,126.125216450216,67.261,32.739,100.0,8.6,100.0,7.1208
Cyprus,CYP,2013,1183895.0,128.127164502165,67.137,32.863,100.0,9.7,100.0,6.4395
Cyprus,CYP,2014,1201801.0,130.065043290043,67.031,32.969,100.0,9.5,100.0,6.8161
Cyprus,CYP,2015,1219502.0,131.980735930736,66.946,33.054,100.0,10.4,100.0,6.855
Cyprus,CYP,2016,1237112.0,133.88658008658,66.881,33.119,100.0,10.3,100.0,7.2207
Cyprus,CYP,2017,1254275.0,135.744047619048,66.836,33.164,100.0,10.9,100.0,7.3619
Cyprus,CYP,2018,1270737.0,137.525649350649,66.81,33.19,100.0,12.0,100.0,7.2127
Cyprus,CYP,2019,1286671.0,139.250108225108,66.805,33.195,100.0,12.0,100.0,7.2148
Cyprus,CYP,2020,1302247.0,140.935822510823,66.821,33.179,100.0,15.0,100.0,6.8
Czechia,CZE,2008,10384603.0,134.445921802175,73.394,26.606,100.0,9.0,100.0,125.3114
Czechia,CZE,2009,10443936.0,135.214085965821,73.324,26.676,100.0,10.2,100.0,118.9909
Czechia,CZE,2010,10474410.0,135.626181535673,73.255,26.745,100.0,10.9,100.0,120.345
Czechia,CZE,2011,10496088.0,135.90687556649,73.185,26.815,100.0,12.2,100.0,117.555
Czechia,CZE,2012,10510785.0,136.097177262722,73.197,26.803,100.0,12.8,100.0,113.4623
Czechia,CZE,2013,10514272.0,136.159958559959,73.29,26.71,100.0,13.9,100.0,108.945
Czechia,CZE,2014,10525347.0,136.30337995338,73.384,26.616,100.0,14.8,100.0,106.6095
Czechia,CZE,2015,10546059.0,136.589288952208,73.477,26.523,100.0,14.8,100.0,107.5739
Czechia,CZE,2016,10566332.0,136.851858567543,73.57,26.43,100.0,14.8,100.0,109.0102
Czechia,CZE,2017,10594438.0,137.21587877218,73.675,26.325,100.0,14.5,100.0,109.8664
Czechia,CZE,2018,10629928.0,137.675534257221,73.792,26.208,100.0,14.7,100.0,108.6618
Czechia,CZE,2019,10671870.0,138.226810266108,73.921,26.079,100.0,15.9,100.0,103.2747
Czechia,CZE,2020,10697858.0,138.575928842168,74.061,25.939,100.0,17.0,100.0,94.2044
Denmark,DNK,2008,5493621.0,137.340525,86.487,13.513,100.0,18.5,100.0,50.6624
Denmark,DNK,2009,5523095.0,138.077375,86.654,13.346,100.0,19.3,100.0,48.4684
Denmark,DNK,2010,5547683.0,138.692075,86.795,13.205,100.0,21.2,100.0,48.58
Denmark,DNK,2011,5570572.0,139.2643,86.957,13.043,100.0,23.8,100.0,43.5074
Denmark,DNK,2012,5591572.0,139.7893,87.142,12.858,100.0,26.9,100.0,38.6096
Denmark,DNK,2013,5614932.0,140.3733,87.292,12.708,100.0,27.0,100.0,40.3534
Denmark,DNK,2014,5643475.0,141.086875,87.41,12.59,100.0,30.2,100.0,36.2169
Denmark,DNK,2015,5683483.0,142.087075,87.526,12.474,100.0,32.5,100.0,34.0852
Denmark,DNK,2016,5728010.0,143.20025,87.642,12.358,100.0,32.0,100.0,35.7161
Denmark,DNK,2017,5764980.0,144.1245,87.757,12.243,100.0,35.0,100.0,33.582
Denmark,DNK,2018,5793636.0,144.8409,87.874,12.126,100.0,34.6,100.0,33.5742
Denmark,DNK,2019,5814422.0,145.36055,87.994,12.006,100.0,37.2,100.0,30.0831
Denmark,DNK,2020,5831404.0,145.7851,88.116,11.884,100.0,39.5,100.0,27.6033
Dominican Republic,DOM,2008,9573130.0,198.160422272821,71.3,28.7,97.6,17.7,87.1,20.6535
Dominican Republic,DOM,2009,9695265.0,200.688573794245,72.542,27.458,97.9,17.3,87.3,19.8004
Dominican Republic,DOM,2010,9820175.0,203.274166839164,73.753,26.247,98.1,16.9,87.5,20.8377
Dominican Republic,DOM,2011,9945621.0,205.870854895467,74.827,25.173,97.9,16.8,87.6,21.0813
Dominican Republic,DOM,2012,10070411.0,208.453963982612,75.802,24.198,97.9,16.5,87.9,21.8534
Dominican Republic,DOM,2013,10193833.0,211.008755951149,76.749,23.251,98.4,16.6,88.3,21.4596
Dominican Republic,DOM,2014,10315528.0,213.527799627406,77.67,22.33,98.5,17.3,88.6,21.6743
Dominican Republic,DOM,2015,10434829.0,215.997288346098,78.566,21.434,98.6,14.9,89.1,23.8
Dominican Republic,DOM,2016,10551430.0,218.410888014904,79.436,20.564,98.9,15.3,89.6,24.7963
Dominican Republic,DOM,2017,10666843.0,220.799896501759,80.277,19.723,100.0,16.9,90.2,23.7362
Dominican Republic,DOM,2018,10782053.0,223.18470296005,81.074,18.926,98.9,15.9,90.7,25.5515
Dominican Republic,DOM,2019,10894043.0,226.026774543851,81.828,18.172,99.0,14.4,91.3,25.9419
Dominican Republic,DOM,2020,11008300.0,228.397349102723,82.54,17.46,100.0,16.0,91.9,23.0619
Ecuador,ECU,2008,14575202.0,58.6857867611532,62.3,37.7,97.2,15.3,93.4,31.8179
Ecuador,ECU,2009,14825954.0,59.6954179416975,62.495,37.505,96.5,12.9,93.6,34.6222
Ecuador,ECU,2010,15076695.0,60.7050048316959,62.69,37.31,97.5,11.8,94.0,37.3219
Ecuador,ECU,2011,15326227.0,61.7097237880496,62.851,37.149,96.9,13.2,93.95,37.6935
Ecuador,ECU,2012,15572194.0,62.700088581092,62.988,37.012,97.2,13.2,94.0,37.8686
Ecuador,ECU,2013,15807128.0,63.6460299565147,63.125,36.875,98.0,11.8,94.2,40.2925
Ecuador,ECU,2014,16035124.0,64.5640360766629,63.261,36.739,99.0,12.2,94.2,42.4828
Ecuador,ECU,2015,16266225.0,65.4945442100177,63.398,36.602,98.8,13.1,94.3,42.2047
Ecuador,ECU,2016,16505139.0,66.4565107102593,63.534,36.466,98.7,14.8,94.4,40.9127
Ecuador,ECU,2017,16759519.0,67.4807497181511,63.67,36.33,99.2,17.0,94.4,39.7064
Ecuador,ECU,2018,17049547.0,68.6485223063295,63.821,36.179,98.7,16.3,94.5,41.3159
Ecuador,ECU,2019,17340021.0,69.8180906748269,63.986,36.014,99.1,17.7,94.4,40.7692
Ecuador,ECU,2020,17546065.0,70.6477089708488,64.166,35.834,98.9,20.2,94.4,35.6829
Estonia,EST,2008,1337090.0,31.5425807973579,68.351,31.649,100.0,20.5,100.0,20.2026
Estonia,EST,2009,1334515.0,31.4818353385232,68.223,31.777,100.0,24.2,100.0,16.824
Estonia,EST,2010,1331475.0,31.4101203113942,68.094,31.906,100.0,25.3,100.0,21.6256
Estonia,EST,2011,1327439.0,31.3149091766926,67.965,32.035,100.0,25.2,100.0,21.7324
Estonia,EST,2012,1322696.0,31.2030195800896,67.974,32.026,100.0,25.0,100.0,20.5968
Estonia,EST,2013,1317997.0,30.3196917414309,68.122,31.878,100.0,24.5,100.0,22.9377
Estonia,EST,2014,1314545.0,30.2402806533241,68.269,31.731,100.0,25.3,100.0,22.003
Estonia,EST,2015,1315407.0,30.26011042,68.416,31.584,100.0,28.2,100.0,19.9902
Estonia,EST,2016,1315790.0,30.2689210950081,68.563,31.437,100.0,27.2,100.0,19.9891
Estonia,EST,2017,1317384.0,30.816,68.717,31.283,100.0,27.5,100.0,21.2239
Estonia,EST,2018,1321977.0,30.9234385964912,68.88,31.12,100.0,28.6,100.0,22.3408
Estonia,EST,2019,1326898.0,31.0385497076023,69.051,30.949,100.0,31.3,100.0,14.7106
Estonia,EST,2020,1329522.0,31.0999298245614,69.229,30.771,100.0,40.4,100.0,11.5416
Finland,FIN,2008,5313399.0,17.4840375123396,83.299,16.701,100.0,34.6,100.0,59.0946
Finland,FIN,2009,5338871.0,17.5678545574202,83.429,16.571,100.0,32.5,100.0,56.5001
Finland,FIN,2010,5363352.0,17.6484106614018,83.77,16.23,100.0,33.4,100.0,65.397
Finland,FIN,2011,5388272.0,17.7309947678436,84.313,15.687,100.0,35.1,100.0,57.768
Finland,FIN,2012,5413971.0,17.8155615518773,84.841,15.159,100.0,38.7,100.0,51.9019
Finland,FIN,2013,5438972.0,17.8978314521702,85.125,14.875,100.0,38.5,100.0,53.0017
Finland,FIN,2014,5461512.0,17.9720030274112,85.175,14.825,100.0,41.2,100.0,49.0463
Finland,FIN,2015,5479531.0,18.0301108880919,85.225,14.775,100.0,43.2,100.0,45.6594
Finland,FIN,2016,5495303.0,18.0820078312658,85.275,14.725,100.0,42.4,100.0,48.4776
Finland,FIN,2017,5508214.0,18.1238944459068,85.325,14.675,100.0,44.4,100.0,45.5711
Finland,FIN,2018,5515525.0,18.1479501184522,85.382,14.618,100.0,44.2,100.0,47.1684
Finland,FIN,2019,5521606.0,18.1673609054717,85.446,14.554,100.0,45.4,100.0,43.7069
Finland,FIN,2020,5529543.0,18.1928768835954,85.517,14.483,100.0,47.3,100.0,39.0201
France,FRA,2008,64375116.0,117.567880604211,77.868,22.132,100.0,10.5,100.0,381.9631
France,FRA,2009,64706436.0,118.172968293712,78.117,21.883,100.0,11.2,100.0,369.3187
France,FRA,2010,65026211.0,118.756971420327,78.369,21.631,100.0,11.9,100.0,376.5955
France,FRA,2011,65340830.0,119.331558175679,78.622,21.378,100.0,10.6,100.0,363.3023
France,FRA,2012,65657659.0,119.910181040513,78.878,21.122,100.0,12.3,100.0,365.248
France,FRA,2013,65997932.0,120.531619539153,79.135,20.865,100.0,13.4,100.0,359.7839
France,FRA,2014,66312067.0,121.105322368265,79.394,20.606,100.0,13.2,100.0,326.9437
France,FRA,2015,66548272.0,121.536702115031,79.655,20.345,100.0,13.3,100.0,331.9617
France,FRA,2016,66724104.0,121.857823021165,79.917,20.083,100.0,14.2,100.0,335.0173
France,FRA,2017,66918020.0,122.211970625889,80.18,19.82,100.0,14.1,100.0,338.5848
France,FRA,2018,67158348.0,122.650880182337,80.444,19.556,100.0,15.2,100.0,327.6848
France,FRA,2019,67382061.0,123.05944586591,80.709,19.291,100.0,15.5,100.0,321.6696
France,FRA,2020,67601110.0,123.45949371481,80.975,19.025,100.0,16.8,100.0,286.3395
Georgia,GEO,2008,3848449.0,67.3300150460128,54.765,45.235,100.0,36.3,60.7,5.4894
Georgia,GEO,2009,3814419.0,66.7346478183281,55.15,44.85,100.0,36.7,62.8,6.3333
Georgia,GEO,2010,3786695.0,66.2496063543161,55.535,44.465,100.0,39.1,66.0,6.1637
Georgia,GEO,2011,3756441.0,65.7203016200707,55.919,44.081,100.0,31.5,68.5,7.4585
Georgia,GEO,2012,3728874.0,65.238006928164,56.303,43.697,100.0,28.7,71.0,8.1409
Georgia,GEO,2013,3717668.0,65.0419538822212,56.685,43.315,100.0,32.4,74.2,8.9598
Georgia,GEO,2014,3719414.0,65.0725007872914,57.067,42.933,100.0,30.7,76.8,9.6626
Georgia,GEO,2015,3725276.0,65.1750586094685,57.448,42.552,100.0,27.5,79.2,10.3921
Georgia,GEO,2016,3727505.0,65.2140557752196,57.837,42.163,100.0,27.2,81.9,10.7581
Georgia,GEO,2017,3728004.0,65.2227859617201,58.231,41.769,100.0,27.5,84.2,10.98
Georgia,GEO,2018,3726549.0,65.197330207495,58.632,41.368,99.9,27.4,86.0,10.9142
Georgia,GEO,2019,3720161.0,65.0855698239966,59.039,40.961,100.0,24.7,87.8,11.7339
Georgia,GEO,2020,3722716.0,65.1302704783232,59.453,40.547,100.0,23.4,89.6,11.3617
Germany,DEU,2008,82110097.0,235.522178240542,76.575,23.425,100.0,10.2,100.0,823.5429
Germany,DEU,2009,81902307.0,234.939637417171,76.771,23.229,100.0,10.7,100.0,763.9593
Germany,DEU,2010,81776930.0,234.606908225034,76.966,23.034,100.0,11.6,100.0,809.1071
Germany,DEU,2011,80274983.0,230.304633348634,77.16,22.84,100.0,12.5,100.0,783.1138
Germany,DEU,2012,80425823.0,230.750625466231,77.17,22.83,100.0,13.6,100.0,795.7335
Germany,DEU,2013,80645605.0,231.155712565925,77.18,22.82,100.0,13.6,100.0,813.1739
Germany,DEU,2014,80982500.0,232.108053883634,77.19,22.81,100.0,14.0,100.0,773.2646
Germany,DEU,2015,81686611.0,234.152986871524,77.2,22.8,100.0,14.6,100.0,779.7272
Germany,DEU,2016,82348669.0,235.712929356538,77.224,22.776,100.0,14.2,100.0,783.995
Germany,DEU,2017,82657002.0,236.588722557747,77.261,22.739,100.0,15.2,100.0,769.1068
Germany,DEU,2018,82905782.0,237.294012250272,77.312,22.688,100.0,16.0,100.0,744.5547
Germany,DEU,2019,83092962.0,237.822954291766,77.376,22.624,100.0,17.1,100.0,693.5111
Germany,DEU,2020,83160871.0,238.017318755545,77.453,22.547,100.0,18.5,100.0,637.3954
Greece,GRC,2008,11077841.0,85.9413576415826,75.568,24.432,100.0,8.3,100.0,101.8191
Greece,GRC,2009,11107017.0,86.1677036462374,75.932,24.068,100.0,9.2,100.0,96.1591
Greece,GRC,2010,11121341.0,86.278828549263,76.292,23.708,100.0,11.4,100.0,89.051
Greece,GRC,2011,11104899.0,86.1512723041117,76.649,23.351,100.0,11.4,100.0,86.0982
Greece,GRC,2012,11045011.0,85.6866640806827,77.004,22.996,100.0,14.2,100.0,81.5011
Greece,GRC,2013,10965211.0,85.067579519007,77.355,22.645,100.0,16.6,100.0,73.8659
Greece,GRC,2014,10892413.0,84.5028161365399,77.702,22.298,100.0,16.4,100.0,71.0042
Greece,GRC,2015,10820883.0,83.947889837083,78.046,21.954,100.0,17.5,100.0,69.4285
Greece,GRC,2016,10775971.0,83.5994647013189,78.387,21.613,100.0,16.4,100.0,68.1342
Greece,GRC,2017,10754679.0,83.4342823894492,78.724,21.276,100.0,16.4,100.0,68.3568
Greece,GRC,2018,10732882.0,83.2651823118697,79.058,20.942,100.0,17.9,100.0,66.5082
Greece,GRC,2019,10721582.0,83.1775174553918,79.388,20.612,100.0,18.5,100.0,61.4455
Greece,GRC,2020,10698599.0,82.999216446858,79.715,20.285,100.0,20.1,100.0,52.3082
Honduras,HND,2008,8012587.0,71.6112878720172,50.566,49.434,76.4,50.0,40.75,8.6651
Honduras,HND,2009,8189899.0,73.1959871302172,51.225,48.775,78.3,50.5,42.1,8.1654
Honduras,HND,2010,8365878.0,74.7687729019573,51.885,48.115,81.0,53.6,42.4,7.9773
Honduras,HND,2011,8540583.0,76.3301724908392,52.543,47.457,82.2,50.9,43.4,9.4831
Honduras,HND,2012,8715076.0,77.8896773616945,53.202,46.798,83.6,49.3,44.1,9.9221
Honduras,HND,2013,8889278.0,79.4465814639378,53.858,46.142,87.2,51.1,44.5,9.7066
Honduras,HND,2014,9063122.0,81.0002859951738,54.514,45.486,88.7,52.2,45.0,9.9258
Honduras,HND,2015,9237305.0,82.5570202877826,55.165,44.835,90.0,50.8,45.9,10.5272
Honduras,HND,2016,9412380.0,84.121726695862,55.813,44.187,91.6,52.7,46.5,10.3656
Honduras,HND,2017,9588137.0,85.6925283760837,56.457,43.543,86.5,45.6,46.9,9.3382
Honduras,HND,2018,9765210.0,87.2750916078291,57.096,42.904,91.6,48.9,47.6,8.9964
Honduras,HND,2019,9943633.0,88.8697202609706,57.73,42.27,91.1,46.2,48.1,10.1608
Honduras,HND,2020,10119640.0,90.4427562784878,58.359,41.641,93.1,50.2,48.9,8.8253
Hungary,HUN,2008,10038188.0,112.020845887736,67.943,32.057,100.0,9.0,100.0,57.3322
Hungary,HUN,2009,10022650.0,110.710814094775,68.46,31.54,100.0,12.3,100.0,51.2309
Hungary,HUN,2010,10000023.0,110.460874848117,68.911,31.089,100.0,13.5,100.0,51.8402
Hungary,HUN,2011,9971727.0,110.148315475533,69.358,30.642,100.0,14.7,100.0,50.9661
Hungary,HUN,2012,9920362.0,109.580934496852,69.678,30.322,100.0,16.5,100.0,47.2884
Hungary,HUN,2013,9893082.0,109.27959792334,69.953,30.047,100.0,17.2,100.0,44.5476
Hungary,HUN,2014,9866468.0,108.113828621521,70.227,29.773,100.0,15.7,100.0,44.6648
Hungary,HUN,2015,9843028.0,107.85698005698,70.5,29.5,100.0,15.6,100.0,47.3196
Hungary,HUN,2016,9814023.0,107.539151873767,70.779,29.221,100.0,15.3,100.0,48.1433
Hungary,HUN,2017,9787966.0,107.253626999781,71.062,28.938,100.0,14.6,100.0,53.8695
Hungary,HUN,2018,9775564.0,107.117729563883,71.351,28.649,100.0,13.6,100.0,53.6536
Hungary,HUN,2019,9771141.0,107.069263642341,71.644,28.356,100.0,13.6,100.0,52.0727
Hungary,HUN,2020,9750149.0,106.839239535393,71.942,28.058,100.0,14.8,100.0,49.6279
Ireland,IRL,2008,4489544.0,65.1697488750181,61.141,38.859,100.0,4.2,100.0,46.0709
Ireland,IRL,2009,4535375.0,65.8350268544056,61.342,38.658,100.0,5.3,100.0,40.9621
Ireland,IRL,2010,4560155.0,66.1947307301495,61.542,38.458,100.0,5.3,100.0,40.7146
Ireland,IRL,2011,4580084.0,66.4840179997097,61.742,38.258,100.0,7.0,100.0,36.9397
Ireland,IRL,2012,4599533.0,66.7663376397155,61.942,38.058,100.0,6.9,100.0,37.4219
Ireland,IRL,2013,4623816.0,67.1188271156917,62.141,37.859,100.0,7.7,100.0,36.1502
Ireland,IRL,2014,4657740.0,67.6112643344462,62.34,37.66,100.0,8.8,100.0,35.9674
Ireland,IRL,2015,4701957.0,68.2531136594571,62.538,37.462,100.0,9.5,100.0,37.4781
Ireland,IRL,2016,4755335.0,69.027943097692,62.737,37.263,100.0,8.6,100.0,39.3894
Ireland,IRL,2017,4807388.0,69.7835389751778,62.947,37.053,100.0,10.1,100.0,38.1792
Ireland,IRL,2018,4867316.0,70.6534475250399,63.17,36.83,100.0,10.8,100.0,37.8977
Ireland,IRL,2019,4934340.0,71.6263608651473,63.405,36.595,100.0,12.3,100.0,36.2568
Ireland,IRL,2020,4985382.0,72.3672811728843,63.653,36.347,100.0,13.7,100.0,34.1987
Israel,ISR,2008,7308800.0,337.744916820702,91.702,8.298,100.0,8.9,100.0,67.8895
Israel,ISR,2009,7485600.0,345.914972273567,91.763,8.23699999999999,100.0,8.5,100.0,67.1192
Israel,ISR,2010,7623600.0,352.292051756007,91.826,8.17400000000001,100.0,8.6,100.0,72.0337
Israel,ISR,2011,7765800.0,358.863216266174,91.892,8.108,100.0,9.1,100.0,71.2182
Israel,ISR,2012,7910500.0,365.549907578558,91.96,8.04000000000001,100.0,2.9,100.0,77.6618
Israel,ISR,2013,8059500.0,372.435304990758,92.031,7.96899999999999,100.0,3.3,100.0,68.3562
Israel,ISR,2014,8215700.0,379.653419593346,92.104,7.896,100.0,3.7,100.0,66.0166
Israel,ISR,2015,8380100.0,387.250462107209,92.179,7.821,100.0,3.7,100.0,68.0736
Israel,ISR,2016,8546000.0,394.916820702403,92.256,7.744,100.0,4.0,100.0,67.6626
Israel,ISR,2017,8713300.0,402.647874306839,92.336,7.664,100.0,3.9,100.0,67.9277
Israel,ISR,2018,8882800.0,410.480591497227,92.418,7.58199999999999,100.0,3.8,100.0,63.5495
Israel,ISR,2019,9054000.0,418.391866913124,92.501,7.499,100.0,4.5,100.0,64.7752
Israel,ISR,2020,9215100.0,425.836414048059,92.587,7.413,100.0,5.6,100.0,60.1979
Italy,ITA,2008,58826731.0,198.928475777599,68.092,31.908,100.0,10.8,100.0,464.7125
Italy,ITA,2009,59095365.0,199.836888522173,68.209,31.791,100.0,12.5,100.0,413.4588
Italy,ITA,2010,59277417.0,200.452515572268,68.327,31.673,100.0,12.8,100.0,423.0356
Italy,ITA,2011,59379449.0,200.797546987333,68.444,31.556,100.0,11.9,100.0,414.2935
Italy,ITA,2012,59539717.0,201.339509262203,68.684,31.316,100.0,14.4,100.0,394.019
Italy,ITA,2013,60233948.0,203.687120838096,68.979,31.021,100.0,16.3,100.0,361.3839
Italy,ITA,2014,60789140.0,205.564558126323,69.272,30.728,100.0,17.1,100.0,342.9496
Italy,ITA,2015,60730582.0,205.366538391305,69.565,30.435,100.0,16.6,100.0,353.6594
Italy,ITA,2016,60627498.0,205.017949533001,69.855,30.145,100.0,16.1,100.0,348.9828
Italy,ITA,2017,60536709.0,204.710937447163,70.144,29.856,100.0,16.4,100.0,345.3645
Italy,ITA,2018,60421760.0,204.322225904409,70.438,29.562,100.0,17.1,100.0,340.336
Italy,ITA,2019,59729081.0,201.980545589195,70.736,29.264,100.0,17.3,100.0,331.7847
Italy,ITA,2020,59438851.0,200.999100491348,71.039,28.961,100.0,18.7,100.0,295.1252
Japan,JPN,2008,128063000.0,351.338820301783,89.103,10.897,100.0,4.4,100.0,1224.1373
Japan,JPN,2009,128047000.0,351.294924554184,89.989,10.011,100.0,4.5,100.0,1160.5822
Japan,JPN,2010,128070000.0,351.358024691358,90.812,9.188,100.0,4.7,100.0,1220.1217
Japan,JPN,2011,127833000.0,350.707818930041,91.069,8.931,100.0,4.8,100.0,1272.5496
Japan,JPN,2012,127629000.0,350.148148148148,91.148,8.852,100.0,4.7,100.0,1310.7079
Japan,JPN,2013,127445000.0,349.643347050754,91.226,8.774,100.0,5.0,100.0,1325.6359
Japan,JPN,2014,127276000.0,349.179698216735,91.304,8.696,100.0,5.6,100.0,1275.3314
Japan,JPN,2015,127141000.0,348.809327846365,91.381,8.619,100.0,6.2,100.0,1234.7191
Japan,JPN,2016,127076000.0,348.631001371742,91.457,8.54300000000001,100.0,6.4,100.0,1221.3967
Japan,JPN,2017,126972000.0,348.345679012346,91.535,8.465,100.0,6.9,100.0,1205.9214
Japan,JPN,2018,126811000.0,347.903978052126,91.616,8.384,100.0,7.3,100.0,1166.6375
Japan,JPN,2019,126633000.0,347.415637860082,91.698,8.30200000000001,100.0,7.8,100.0,1127.7446
Japan,JPN,2020,126261000.0,346.395061728395,91.782,8.218,100.0,8.5,100.0,1062.869
Kyrgyz Republic,KGZ,2008,5318729.0,27.7305995828989,35.285,64.715,99.5,22.0,68.2,7.6036
Kyrgyz Republic,KGZ,2009,5389643.0,28.1003284671533,35.284,64.716,99.5,24.7,70.1,6.8986
Kyrgyz Republic,KGZ,2010,5467059.0,28.5039572471324,35.306,64.694,99.0,25.6,71.5,6.4851
Kyrgyz Republic,KGZ,2011,5546586.5,28.9185948905109,35.352,64.648,98.3,26.0,72.8,7.8085
Kyrgyz Republic,KGZ,2012,5652076.0,29.4685922836288,35.423,64.577,99.8,22.4,74.2,10.2332
Kyrgyz Republic,KGZ,2013,5777150.0,30.1206986444213,35.517,64.483,98.9,24.8,75.1,9.5841
Kyrgyz Republic,KGZ,2014,5905847.5,30.791697080292,35.635,64.365,99.8,26.6,76.0,9.8589
Kyrgyz Republic,KGZ,2015,6040035.5,31.4913216892596,35.777,64.223,98.7,23.5,76.6,10.2587
Kyrgyz Republic,KGZ,2016,6175337.5,32.1967544316997,35.944,64.056,99.7,22.2,76.9,9.7179
Kyrgyz Republic,KGZ,2017,6306695.5,32.8816240875912,36.135,63.865,100.0,24.7,77.2,9.5944
Kyrgyz Republic,KGZ,2018,6444078.5,33.5979066736184,36.351,63.649,100.0,23.4,77.3,11.4059
Kyrgyz Republic,KGZ,2019,6590211.0,34.3598070907195,36.591,63.409,99.9,28.3,77.3,10.1614
Kyrgyz Republic,KGZ,2020,6726595.5,35.0708837330553,36.856,63.144,99.9,30.0,77.1,9.1595
Latvia,LVA,2008,2177322.0,34.9899882687579,67.834,32.166,99.7,33.7,100.0,8.4559
Latvia,LVA,2009,2141669.0,34.4170376203256,67.814,32.186,100.0,38.4,100.0,7.7149
Latvia,LVA,2010,2097555.0,33.7081170552975,67.841,32.159,99.8,33.1,100.0,8.864
Latvia,LVA,2011,2059709.0,33.0999244700853,67.869,32.131,99.8,35.5,100.0,8.204
Latvia,LVA,2012,2034319.0,32.691902228936,67.897,32.103,100.0,40.4,100.0,7.9978
Latvia,LVA,2013,2012647.0,32.3436289713468,67.925,32.075,100.0,39.6,100.0,7.763
Latvia,LVA,2014,1993782.0,32.0404647500281,67.952,32.048,100.0,40.2,100.0,7.5388
Latvia,LVA,2015,1977527.0,31.7792437366417,67.98,32.02,100.0,38.1,100.0,7.6272
Latvia,LVA,2016,1959537.0,31.4901409356067,68.021,31.979,100.0,38.5,100.0,7.4529
Latvia,LVA,2017,1942248.0,31.2123033409935,68.075,31.925,100.0,42.6,100.0,7.4036
Latvia,LVA,2018,1927174.0,30.9700612274415,68.142,31.858,100.0,41.0,100.0,8.0762
Latvia,LVA,2019,1913822.0,30.755491989008,68.222,31.778,100.0,41.5,100.0,7.871
Latvia,LVA,2020,1900449.0,30.5391129680219,68.315,31.685,100.0,43.8,100.0,7.2521
Lithuania,LTU,2008,3198231.0,51.0288153171121,66.848,33.152,99.4,18.3,100.0,15.8161
Lithuania,LTU,2009,3162916.0,50.4653530115676,66.842,33.158,99.5,20.1,100.0,13.195
Lithuania,LTU,2010,3097282.0,49.418141204627,66.757,33.243,99.7,21.5,100.0,14.0266
Lithuania,LTU,2011,3028115.0,48.3153301209433,66.741,33.259,99.7,22.7,100.0,14.3115
Lithuania,LTU,2012,2987773.0,47.6716501260491,66.864,33.136,100.0,23.9,100.0,14.4789
Lithuania,LTU,2013,2957689.0,47.1908895093738,66.986,33.014,100.0,26.3,100.0,13.3554
Lithuania,LTU,2014,2932367.0,46.805538707103,67.108,32.892,100.0,27.7,100.0,13.2056
Lithuania,LTU,2015,2904910.0,46.3672785315243,67.23,32.77,100.0,29.0,100.0,13.6544
Lithuania,LTU,2016,2868231.0,45.7876664218895,67.366,32.634,100.0,31.5,100.0,13.5165
Lithuania,LTU,2017,2828403.0,45.1525837710126,67.516,32.484,100.0,33.8,100.0,13.9576
Lithuania,LTU,2018,2801543.0,44.731646175954,67.679,32.321,100.0,33.7,100.0,14.0131
Lithuania,LTU,2019,2794137.0,44.6205206004471,67.855,32.145,100.0,33.5,100.0,14.2898
Lithuania,LTU,2020,2794885.0,44.6324656659214,68.046,31.954,100.0,31.7,100.0,14.2477
Netherlands,NLD,2008,16445593.0,487.132494075829,85.402,14.598,100.0,3.9,100.0,178.9336
Netherlands,NLD,2009,16530388.0,490.079691669137,86.288,13.712,100.0,4.4,100.0,173.665
Netherlands,NLD,2010,16615394.0,492.599881411207,87.134,12.866,100.0,3.9,100.0,185.1021
Netherlands,NLD,2011,16693074.0,495.049644128114,87.879,12.121,100.0,4.7,100.0,173.0457
Netherlands,NLD,2012,16754962.0,496.884994068802,88.588,11.412,100.0,4.9,100.0,170.4764
Netherlands,NLD,2013,16804432.0,498.795844464233,89.187,10.813,100.0,5.0,100.0,169.2603
Netherlands,NLD,2014,16865008.0,500.593885425942,89.69,10.31,100.0,5.6,100.0,161.8681
Netherlands,NLD,2015,16939923.0,503.116216216216,90.173,9.827,100.0,5.8,100.0,169.81
Netherlands,NLD,2016,17030314.0,505.800831600832,90.635,9.36499999999999,100.0,5.6,100.0,171.23
Netherlands,NLD,2017,17131296.0,508.8,91.077,8.923,100.0,6.4,100.0,168.5452
Netherlands,NLD,2018,17231624.0,511.779744579745,91.49,8.51000000000001,100.0,7.4,100.0,163.2334
Netherlands,NLD,2019,17344874.0,515.143272943273,91.876,8.124,100.0,8.6,100.0,157.844
Netherlands,NLD,2020,17441500.0,518.013068013068,92.236,7.764,100.0,10.7,100.0,142.2705
North Macedonia,MKD,2008,1971493.0,78.1408244153785,57.175,42.825,99.2,15.6,65.45,10.1404
North Macedonia,MKD,2009,1958782.0,77.6678033306899,57.117,42.883,99.2,18.4,66.75,9.1198
North Macedonia,MKD,2010,1946298.0,77.1727993655829,57.089,42.911,99.5,22.3,68.1,9.1733
North Macedonia,MKD,2011,1937398.0,76.8199048374306,57.092,42.908,99.7,18.6,69.2,10.2423
North Macedonia,MKD,2012,1929821.0,76.5194686756542,57.125,42.875,99.6,18.3,70.3,9.6186
North Macedonia,MKD,2013,1922716.0,76.2377478191911,57.189,42.811,99.7,21.2,71.5,8.7945
North Macedonia,MKD,2014,1917557.0,76.0331879460745,57.284,42.716,99.8,21.2,72.6,8.3502
North Macedonia,MKD,2015,1912430.0,75.8298969072165,57.408,42.592,99.9,23.9,73.5,7.9369
North Macedonia,MKD,2016,1906313.0,75.5873513084853,57.563,42.437,100.0,21.4,75.1,7.6236
North Macedonia,MKD,2017,1898657.0,75.2837827121332,57.748,42.252,100.0,19.0,75.7,7.9861
North Macedonia,MKD,2018,1889051.0,74.9028945281523,57.963,42.037,99.8,20.9,76.8,7.5528
North Macedonia,MKD,2019,1876262.0,74.3957969865186,58.208,41.792,100.0,17.0,78.2,8.6815
North Macedonia,MKD,2020,1856124.0,73.5973037272006,58.482,41.518,100.0,20.0,79.6,7.5919
Norway,NOR,2008,4768212.0,13.0548674310872,78.526,21.474,100.0,58.5,100.0,45.4758
Norway,NOR,2009,4828726.0,13.2205484552792,78.815,21.185,100.0,56.7,100.0,44.0298
Norway,NOR,2010,4889252.0,13.3862623342204,79.102,20.898,100.0,56.0,100.0,47.1631
Norway,NOR,2011,4953088.0,13.5610386481366,79.455,20.545,100.0,56.0,100.0,46.1207
Norway,NOR,2012,5018573.0,13.7403297521657,79.874,20.126,100.0,56.9,100.0,45.6491
Norway,NOR,2013,5079623.0,13.9120886837683,80.286,19.714,100.0,56.6,100.0,46.232
Norway,NOR,2014,5137232.0,14.0704449094514,80.692,19.308,100.0,55.8,100.0,46.3844
Norway,NOR,2015,5188607.0,14.2079384825517,81.091,18.909,100.0,56.5,100.0,47.225
Norway,NOR,2016,5234519.0,14.3354243797401,81.485,18.515,100.0,57.7,100.0,46.3279
Norway,NOR,2017,5276968.0,14.452576255125,81.871,18.129,100.0,58.9,100.0,46.3477
Norway,NOR,2018,5311916.0,14.5488896436123,82.248,17.752,100.0,58.9,100.0,45.7485
Norway,NOR,2019,5347896.0,14.6479975020132,82.616,17.384,100.0,59.8,100.0,44.6071
Norway,NOR,2020,5379475.0,14.7672152298338,82.974,17.026,100.0,60.9,100.0,43.3609
Paraguay,PRY,2008,5613574.0,14.1293078278379,58.612,41.388,96.7,65.8,53.1,4.5471
Paraguay,PRY,2009,5671236.0,14.2744424867858,58.937,41.063,96.9,65.4,55.0,4.6908
Paraguay,PRY,2010,5737971.0,14.4424137931034,59.261,40.739,97.4,63.6,56.9,5.2207
Paraguay,PRY,2011,5814626.0,14.6353536370501,59.584,40.416,98.2,62.5,59.3,5.4265
Paraguay,PRY,2012,5897008.0,14.842708280896,59.907,40.093,97.8,63.4,61.1,5.3865
Paraguay,PRY,2013,5982445.0,15.0577523282155,60.197,39.803,99.0,62.5,62.8,5.6275
Paraguay,PRY,2014,6069811.0,15.2776516486282,60.474,39.526,99.0,62.5,64.4,5.9781
Paraguay,PRY,2015,6159103.0,15.5023986911654,60.75,39.25,99.3,60.5,65.5,6.7133
Paraguay,PRY,2016,6249126.0,15.7289856531588,61.026,38.974,98.4,62.5,66.4,7.5879
Paraguay,PRY,2017,6338660.0,15.9543418071986,61.3,38.7,99.3,60.1,67.2,8.4471
Paraguay,PRY,2018,6427382.0,16.1776541656179,61.585,38.415,99.6,59.2,67.7,8.7196
Paraguay,PRY,2019,6515058.0,16.3983337528316,61.879,38.121,99.7,60.1,68.1,8.4965
Paraguay,PRY,2020,6603739.0,16.621542914674,62.183,37.817,99.7,61.5,68.3,7.9575
Peru,PER,2008,28719041.0,22.43675078,76.052,23.948,84.7,33.7,61.9,38.9829
Peru,PER,2009,28896811.0,22.57563359,76.241,23.759,86.4,32.9,63.9,41.9637
Peru,PER,2010,29086019.0,22.72345234,76.43,23.57,88.1,32.2,65.7,45.8354
Peru,PER,2011,29304086.0,22.89381719,76.617,23.383,89.7,30.6,67.8,49.1665
Peru,PER,2012,29550366.0,23.08622344,76.804,23.196,91.1,30.8,69.8,49.1075
Peru,PER,2013,29817919.0,23.29524922,76.989,23.011,92.1,28.4,71.7,50.1197
Peru,PER,2014,30115826.0,23.52798906,77.173,22.827,92.9,28.6,73.7,53.1694
Peru,PER,2015,30457600.0,23.795,77.357,22.643,93.9,27.4,75.5,54.7017
Peru,PER,2016,30866494.0,24.11444844,77.539,22.461,94.2,27.2,77.6,57.4518
Peru,PER,2017,31324637.0,24.47237266,77.72,22.28,94.8,27.6,79.5,55.1327
Peru,PER,2018,31897584.0,24.9199875,77.907,22.093,95.2,27.9,81.4,55.2877
Peru,PER,2019,32449303.0,25.35101797,78.099,21.901,95.6,27.1,83.3,58.1542
Peru,PER,2020,32838579.0,25.65513984,78.297,21.703,96.2,31.6,84.8,47.5498
Poland,POL,2008,38125759.0,124.471952334313,61.116,38.884,99.8,8.0,100.0,324.7491
Poland,POL,2009,38151603.0,124.564460624265,61.004,38.996,100.0,8.8,100.0,311.3923
Poland,POL,2010,38042794.0,124.209200731357,60.892,39.108,100.0,9.5,100.0,329.2826
Poland,POL,2011,38063255.0,124.296296901022,60.78,39.22,100.0,10.4,100.0,327.0922
Poland,POL,2012,38063164.0,124.300058781268,60.654,39.346,100.0,10.9,100.0,319.8054
Poland,POL,2013,38040196.0,124.229110740995,60.529,39.471,100.0,11.4,100.0,315.4796
Poland,POL,2014,38011735.0,124.144273163722,60.403,39.597,100.0,11.6,100.0,302.9716
Poland,POL,2015,37986412.0,124.061569613639,60.278,39.722,100.0,11.9,100.0,306.1332
Poland,POL,2016,37970087.0,124.008253045495,60.178,39.822,100.0,11.3,100.0,317.1916
Poland,POL,2017,37974826.0,124.0237304,60.105,39.895,100.0,11.1,100.0,330.7494
Poland,POL,2018,37974750.0,124.031583760656,60.058,39.942,100.0,15.1,100.0,330.0904
Poland,POL,2019,37965475.0,124.025595374212,60.037,39.963,100.0,15.6,100.0,312.3389
Poland,POL,2020,37899070.0,123.800574919152,60.043,39.957,100.0,16.1,100.0,296.3334
Portugal,PRT,2008,10558177.0,115.427757734776,59.359,40.641,100.0,23.2,100.0,59.153
Portugal,PRT,2009,10568247.0,115.386472322306,59.964,40.036,100.0,24.9,100.0,58.3974
Portugal,PRT,2010,10573100.0,115.439458456163,60.567,39.433,100.0,27.8,100.0,53.1664
Portugal,PRT,2011,10557560.0,115.269789278305,61.167,38.833,100.0,27.2,100.0,51.3708
Portugal,PRT,2012,10514844.0,114.803406485424,61.763,38.237,100.0,25.5,100.0,49.7211
Portugal,PRT,2013,10457295.0,114.156128691384,62.352,37.648,100.0,30.2,100.0,48.1165
Portugal,PRT,2014,10401062.0,113.541770372117,62.936,37.064,100.0,30.5,100.0,47.6466
Portugal,PRT,2015,10358076.0,113.072519583956,63.514,36.486,100.0,27.2,100.0,51.674
Portugal,PRT,2016,10325452.0,112.716384151187,64.086,35.914,100.0,29.0,100.0,50.5005
Portugal,PRT,2017,10300300.0,112.441815784188,64.652,35.348,100.0,24.4,100.0,55.117
Portugal,PRT,2018,10283822.0,112.261935951514,65.211,34.789,100.0,27.5,100.0,51.0801
Portugal,PRT,2019,10286263.0,112.288582794065,65.764,34.236,100.0,28.2,100.0,46.4038
Portugal,PRT,2020,10297081.0,112.406676011074,66.31,33.69,100.0,31.3,100.0,40.8004
Romania,ROU,2008,20537875.0,89.3339495432797,53.567,46.433,96.5,20.4,100.0,103.8612
Romania,ROU,2009,20367487.0,88.5311962096844,53.698,46.302,96.8,22.1,100.0,84.8545
Romania,ROU,2010,20246871.0,88.0107411432297,53.829,46.171,97.1,24.1,100.0,82.3001
Romania,ROU,2011,20147528.0,87.5332493374462,53.96,46.04,97.4,21.1,100.0,88.8281
Romania,ROU,2012,20058035.0,87.201265107382,53.974,46.026,97.8,21.5,100.0,86.7375
Romania,ROU,2013,19983693.0,86.8742903099596,53.937,46.063,98.1,23.1,100.0,79.0999
Romania,ROU,2014,19908979.0,86.5306806328234,53.9,46.1,98.4,24.3,100.0,78.693
Romania,ROU,2015,19815616.0,86.1248956884562,53.887,46.113,98.8,23.7,100.0,79.9271
Romania,ROU,2016,19702267.0,85.6322453059805,53.9,46.1,99.1,24.4,100.0,78.2478
Romania,ROU,2017,19588715.0,85.1387126216968,53.936,46.064,100.0,23.4,100.0,81.2563
Romania,ROU,2018,19473970.0,84.6399947844228,53.998,46.002,99.8,23.0,100.0,82.3672
Romania,ROU,2019,19371648.0,84.1952712100139,54.084,45.916,100.0,23.5,100.0,80.5788
Romania,ROU,2020,19265250.0,83.7328320584145,54.194,45.806,100.0,24.1,100.0,75.4253
Slovenia,SVN,2008,2021316.0,100.332370372576,52.209,47.791,100.0,17.6,100.0,18.8881
Slovenia,SVN,2009,2039669.0,101.245371243634,52.433,47.567,100.0,19.6,100.0,16.8902
Slovenia,SVN,2010,2048583.0,101.685826607499,52.658,47.342,100.0,20.1,100.0,17.1627
Slovenia,SVN,2011,2052843.0,101.898292465005,52.883,47.117,100.0,19.1,100.0,16.0823
Slovenia,SVN,2012,2057159.0,102.114049151928,53.108,46.892,100.0,20.2,100.0,15.5193
Slovenia,SVN,2013,2059953.0,102.281678252234,53.332,46.668,100.0,22.5,100.0,15.5139
Slovenia,SVN,2014,2061980.0,102.382323733863,53.557,46.443,100.0,22.9,100.0,14.1302
Slovenia,SVN,2015,2063531.0,102.446109241111,53.781,46.219,100.0,21.4,100.0,14.2991
Slovenia,SVN,2016,2065042.0,102.52417833383,54.02,45.98,100.0,21.0,100.0,15.0252
Slovenia,SVN,2017,2066388.0,102.610871929328,54.273,45.727,100.0,19.7,100.0,15.3483
Slovenia,SVN,2018,2073894.0,102.992292564709,54.541,45.459,100.0,20.6,100.0,15.3301
Slovenia,SVN,2019,2088385.0,103.711934605987,54.822,45.178,100.0,20.9,100.0,14.8845
Slovenia,SVN,2020,2102419.0,104.408881428657,55.118,44.882,100.0,22.7,100.0,13.5479
Spain,ESP,2008,45954106.0,92.1293223736969,77.976,22.024,100.0,9.7,100.0,342.716
Spain,ESP,2009,46362946.0,92.9750651746681,78.21,21.79,100.0,12.2,100.0,303.4514
Spain,ESP,2010,46576897.0,93.1519309613808,78.442,21.558,100.0,14.4,100.0,290.5488
Spain,ESP,2011,46742697.0,93.5078358806114,78.673,21.327,100.0,14.7,100.0,292.657
Spain,ESP,2012,46773055.0,93.5068371284061,78.902,21.098,100.0,15.8,100.0,286.6176
Spain,ESP,2013,46620045.0,93.2009456028468,79.133,20.867,100.0,16.9,100.0,259.9319
Spain,ESP,2014,46480882.0,92.9227364506907,79.366,20.634,100.0,17.3,100.0,257.3207
Spain,ESP,2015,46444832.0,92.9526859210545,79.602,20.398,100.0,16.3,100.0,273.2968
Spain,ESP,2016,46484062.0,93.0492629572988,79.84,20.16,100.0,16.7,100.0,264.5244
Spain,ESP,2017,46593236.0,93.2709101549633,80.08,19.92,100.0,15.2,100.0,281.0535
Spain,ESP,2018,46797754.0,93.6697920792501,80.321,19.679,100.0,16.9,100.0,274.3705
Spain,ESP,2019,47134837.0,94.3508089023978,80.565,19.435,100.0,16.7,100.0,257.113
Spain,ESP,2020,47365655.0,94.815383748924,80.81,19.19,100.0,19.3,100.0,216.9768
Sweden,SWE,2008,9219637.0,22.6337796193202,84.746,15.254,100.0,43.2,100.0,52.1376
Sweden,SWE,2009,9298515.0,22.8274214371936,84.902,15.098,100.0,45.7,100.0,47.5792
Sweden,SWE,2010,9378126.0,23.0228627359425,85.056,14.944,100.0,44.7,100.0,53.5567
Sweden,SWE,2011,9449213.0,23.1973780115221,85.297,14.703,100.0,45.4,100.0,49.2663
Sweden,SWE,2012,9519374.0,23.3696200002111,85.62,14.38,100.0,48.3,100.0,46.874
Sweden,SWE,2013,9600379.0,23.5684835040631,85.936,14.064,100.0,47.3,100.0,45.1071
Sweden,SWE,2014,9696110.0,23.8034986523533,86.247,13.753,100.0,48.6,100.0,43.786
Sweden,SWE,2015,9799186.0,24.0582617728817,86.553,13.447,100.0,51.9,100.0,44.1553
Sweden,SWE,2016,9923085.0,24.362449750883,86.852,13.148,100.0,50.9,100.0,43.6925
Sweden,SWE,2017,10057698.0,24.6929419766692,87.146,12.854,100.0,51.8,100.0,43.3125
Sweden,SWE,2018,10175214.0,24.9814588688378,87.431,12.569,100.0,51.6,100.0,40.9315
Sweden,SWE,2019,10278887.0,25.2378879395011,87.708,12.292,100.0,52.9,100.0,40.2031
Sweden,SWE,2020,10353442.0,25.4209438224317,87.977,12.023,100.0,57.8,100.0,39.0794
Switzerland,CHE,2008,7647675.0,193.541360670795,73.556,26.444,100.0,19.6,100.0,45.9985
Switzerland,CHE,2009,7743831.0,195.977767173332,73.581,26.419,100.0,20.0,100.0,44.6352
Switzerland,CHE,2010,7824909.0,198.032658685794,73.607,26.393,100.0,20.6,100.0,46.3149
Switzerland,CHE,2011,7912398.0,200.249864435738,73.631,26.369,100.0,20.6,100.0,42.2793
Switzerland,CHE,2012,7996861.0,202.390548012367,73.653,26.347,100.0,21.9,100.0,43.5915
Switzerland,CHE,2013,8089346.0,204.734336607627,73.674,26.326,100.0,21.8,100.0,44.601
Switzerland,CHE,2014,8188649.0,207.250751433234,73.696,26.304,100.0,22.2,100.0,40.8946
Switzerland,CHE,2015,8282396.0,209.626620751132,73.718,26.282,100.0,23.9,100.0,40.2179
Switzerland,CHE,2016,8373338.0,211.931572125581,73.739,26.261,100.0,24.1,100.0,40.7745
Switzerland,CHE,2017,8451840.0,213.918480127503,73.761,26.239,100.0,25.0,100.0,39.7921
Switzerland,CHE,2018,8514329.0,215.500094533915,73.797,26.203,100.0,24.2,100.0,38.4872
Switzerland,CHE,2019,8575280.0,217.042781721823,73.849,26.151,100.0,24.8,100.0,38.3837
Switzerland,CHE,2020,8638167.0,218.63446962171,73.915,26.085,100.0,26.4,100.0,35.8595
Thailand,THA,2008,67619830.0,132.356926148486,41.242,58.758,94.8,22.6,70.5,238.3048
Thailand,THA,2009,68121080.0,133.338057116013,42.543,57.457,99.0,22.8,71.55,231.4285
Thailand,THA,2010,68579447.0,134.235250249564,43.856,56.144,99.7,22.8,72.8,245.6832
Thailand,THA,2011,69007208.0,135.072536162383,44.698,55.302,99.3,23.0,74.0,246.0704
Thailand,THA,2012,69436098.0,135.912031944254,45.445,54.555,99.1,23.6,75.3,264.102
Thailand,THA,2013,69845114.0,136.712626984282,46.193,53.807,99.4,23.2,76.4,275.3196
Thailand,THA,2014,70216367.0,137.439305917125,46.943,53.057,99.5,24.4,77.4,271.7352
Thailand,THA,2015,70540795.0,138.07433106931,47.694,52.306,99.6,22.6,78.7,279.0886
Thailand,THA,2016,70859841.0,138.698821664155,48.448,51.552,99.9,22.4,79.8,275.3767
Thailand,THA,2017,71160187.0,139.286709467791,49.2,50.8,99.9,22.2,81.0,274.037
Thailand,THA,2018,71376079.0,139.709289670966,49.949,50.051,99.8,23.7,82.2,271.251
Thailand,THA,2019,71522271.0,139.995441288731,50.692,49.308,99.9,23.9,83.1,281.5515
Thailand,THA,2020,71641484.0,140.228785061364,51.43,48.57,100.0,20.9,84.3,274.2991
Turkiye,TUR,2008,71051678.0,92.3192677000637,69.651,30.349,99.7,12.5,93.8,299.0327
Turkiye,TUR,2009,72039206.0,93.6023881605447,70.241,29.759,99.7,13.1,94.0,301.4417
Turkiye,TUR,2010,73142150.0,95.0354715902447,70.825,29.175,100.0,14.2,94.2,312.2163
Turkiye,TUR,2011,74223629.0,96.4406649948677,71.402,28.598,100.0,12.7,94.5,332.7711
Turkiye,TUR,2012,75175827.0,97.6778802801346,71.974,28.026,100.0,13.0,94.6,344.1787
Turkiye,TUR,2013,76147624.0,98.9405610488157,72.531,27.469,100.0,13.8,94.7,334.1108
Turkiye,TUR,2014,77181884.0,100.284401595572,73.077,26.923,100.0,11.5,94.8,355.6857
Turkiye,TUR,2015,78218479.0,101.631276067721,73.611,26.389,100.0,13.3,94.8,368.3596
Turkiye,TUR,2016,79277962.0,103.007889505347,74.134,25.866,100.0,13.2,95.0,392.3754
Turkiye,TUR,2017,80312698.0,104.352348531112,74.644,25.356,100.0,11.4,95.0,434.0801
Turkiye,TUR,2018,81407204.0,105.774468250978,75.143,24.857,100.0,11.8,95.1,430.3928
Turkiye,TUR,2019,82579440.0,107.297584553617,75.63,24.37,100.0,14.1,95.2,415.2444
Turkiye,TUR,2020,83384680.0,108.343853540013,76.105,23.895,100.0,13.7,95.3,425.093
Ukraine,UKR,2008,46819175.0,80.8174670303114,68.325,31.675,99.8,2.7,94.2,347.5183
Ukraine,UKR,2009,46623731.0,80.480099081682,68.502,31.498,99.9,3.0,94.3,288.222
Ukraine,UKR,2010,46456003.0,80.190573430919,68.596,31.404,100.0,2.9,94.55,309.2208
Ukraine,UKR,2011,46307853.0,79.9348425740523,68.689,31.311,100.0,2.7,94.6,326.936
Ukraine,UKR,2012,46210056.0,79.7660291376096,68.782,31.218,99.9,2.9,94.9,318.8237
Ukraine,UKR,2013,46126770.0,79.6222640336947,68.875,31.125,100.0,3.5,95.0,308.9306
Ukraine,UKR,2014,45972380.0,79.3598715669181,68.968,31.032,100.0,3.5,95.1,265.0329
Ukraine,UKR,2015,45784896.0,79.0362271055948,69.061,30.939,100.0,4.2,95.3,221.5948
Ukraine,UKR,2016,45616832.0,78.7461064406429,69.154,30.846,100.0,5.5,95.2,221.9612
Ukraine,UKR,2017,45436041.0,78.432661833247,69.246,30.754,100.0,6.5,95.1,200.128
Ukraine,UKR,2018,45208907.0,78.0271090783569,69.352,30.648,100.0,6.9,95.3,213.6814
Ukraine,UKR,2019,44957458.0,77.5931273731446,69.473,30.527,100.0,7.4,95.2,201.5269
Ukraine,UKR,2020,44680014.0,77.1142802899551,69.608,30.392,100.0,8.7,95.1,192.0138
United Kingdom,GBR,2008,61806995.0,255.474703426611,80.757,19.243,100.0,2.4,100.0,531.3931
United Kingdom,GBR,2009,62276270.0,257.414417393461,81.031,18.969,100.0,3.0,100.0,481.789
United Kingdom,GBR,2010,62766365.0,259.440189310958,81.302,18.698,100.0,3.2,100.0,497.6151
United Kingdom,GBR,2011,63258810.0,261.475674781962,81.57,18.43,100.0,4.0,100.0,457.8869
United Kingdom,GBR,2012,63700215.0,263.300190137643,81.837,18.163,100.0,4.2,100.0,480.7009
United Kingdom,GBR,2013,64128273.0,265.069536642831,82.102,17.898,100.0,5.2,100.0,467.4401
United Kingdom,GBR,2014,64602298.0,267.028884388046,82.365,17.635,100.0,6.6,100.0,428.9045
United Kingdom,GBR,2015,65116219.0,269.153139337825,82.626,17.374,100.0,7.7,100.0,414.2155
United Kingdom,GBR,2016,65611593.0,271.200731616583,82.886,17.114,100.0,7.7,100.0,394.1968
United Kingdom,GBR,2017,66058859.0,273.049472988054,83.143,16.857,100.0,8.8,100.0,379.2145
United Kingdom,GBR,2018,66460344.0,274.708981936924,83.398,16.602,100.0,10.2,100.0,373.3339
United Kingdom,GBR,2019,66836327.0,276.263080229819,83.652,16.348,100.0,11.4,100.0,357.881
United Kingdom,GBR,2020,67081234.0,277.27538544207,83.903,16.097,100.0,13.6,100.0,320.5414
United States,USA,2008,304093966.0,33.2436868537795,80.438,19.562,100.0,6.8,100.0,5689.6995
United States,USA,2009,306771529.0,33.5363992251367,80.606,19.394,100.0,7.3,100.0,5273.5107
United States,USA,2010,309327143.0,33.8157800778799,80.772,19.228,100.0,7.4,100.0,5521.9663
United States,USA,2011,311583481.0,34.0624439459432,80.944,19.056,100.0,8.4,100.0,5308.1164
United States,USA,2012,313877662.0,34.3132448275033,81.119,18.881,100.0,8.5,100.0,5088.2532
United States,USA,2013,316059947.0,34.5518131888554,81.299,18.701,100.0,8.9,100.0,5225.2858
United States,USA,2014,318386329.0,34.8061342979769,81.483,18.517,100.0,9.0,100.0,5244.399
United States,USA,2015,320738994.0,35.0633286762825,81.671,18.329,100.0,8.9,100.0,5133.5565
United States,USA,2016,323071755.0,35.3183471405052,81.862,18.138,100.0,9.3,100.0,5029.157
United States,USA,2017,325122128.0,35.5424948236771,82.058,17.942,100.0,9.7,100.0,4959.6319
United States,USA,2018,326838199.0,35.7300964643583,82.256,17.744,100.0,9.9,100.0,5117.5686
United States,USA,2019,328329953.0,35.8931756713915,82.459,17.541,100.0,10.2,100.0,4966.9703
United States,USA,2020,331526933.0,36.2426709389095,82.664,17.336,100.0,11.0,100.0,4466.7314
Russian Federation,RUS,2008,142742366.0,8.71609568861449,73.598,26.402,98.3,3.3,99.7,1744.612
Russian Federation,RUS,2009,142785348.0,8.71872024385612,73.642,26.358,98.4,3.6,99.7,1642.9749
Russian Federation,RUS,2010,142849468.0,8.72263552192818,73.687,26.313,99.3,3.3,99.6,1719.8096
Russian Federation,RUS,2011,143018195.0,8.73293828429975,73.732,26.268,99.2,3.2,99.6,1806.4603
Russian Federation,RUS,2012,143378447.0,8.75493589434367,73.791,26.209,100.0,3.2,99.5,1793.6343
Russian Federation,RUS,2013,143805638.0,8.78102091547408,73.863,26.137,100.0,3.6,99.5,1738.0707
Russian Federation,RUS,2014,144237223.0,8.80737424184231,73.95,26.05,100.0,3.3,99.6,1720.489
Russian Federation,RUS,2015,144640716.0,8.8320122221157,74.05,25.95,95.5,3.2,99.5,1726.8321
Russian Federation,RUS,2016,145015460.0,8.85489473873823,74.164,25.836,99.4,3.4,99.5,1700.3653
Russian Federation,RUS,2017,145293260.0,8.87185768709161,74.292,25.708,100.0,3.2,99.5,1730.5225
Russian Federation,RUS,2018,145398106.0,8.87825976514438,74.433,25.567,100.0,3.2,99.5,1806.8014
Russian Federation,RUS,2019,145453291.0,8.88162945666663,74.587,25.413,99.8,3.2,99.5,1877.0238
Russian Federation,RUS,2020,145245148.0,8.86891988517952,74.754,25.246,99.9,3.7,99.4,1789.2514
Indonesia,IDN,2008,240157903.0,127.912368929422,48.335,51.665,92.7,41.1,28.45,393.8964
Indonesia,IDN,2009,243220028.0,129.543311146252,49.134,50.866,93.6,38.2,34.2,409.8985
Indonesia,IDN,2010,246305322.0,131.186593584406,49.914,50.086,94.2,36.0,40.6,434.5687
Indonesia,IDN,2011,249470032.0,132.872174396105,50.595,49.405,94.8,32.4,46.6,496.3287
Indonesia,IDN,2012,252698525.0,134.591727167608,51.276,48.724,96.0,30.1,52.6,503.4282
Indonesia,IDN,2013,255852467.0,136.271572751061,51.955,48.045,96.5,30.6,58.1,469.3824
Indonesia,IDN,2014,258877399.0,137.882705314833,52.635,47.365,97.0,29.3,63.0,505.126
Indonesia,IDN,2015,261799249.0,139.438934572699,53.313,46.687,97.5,26.6,67.3,512.105
Indonesia,IDN,2016,264627418.0,140.945267664402,53.989,46.011,97.6,27.8,71.6,506.2579
Indonesia,IDN,2017,267346658.0,142.393583234045,54.659,45.341,98.1,25.2,75.5,542.0537
Indonesia,IDN,2018,269951846.0,143.781152680745,55.325,44.675,98.5,22.0,78.9,596.9417
Indonesia,IDN,2019,272489381.0,145.132688936836,55.985,44.015,98.9,19.8,82.1,636.7911
Indonesia,IDN,2020,274814866.0,146.371283592869,56.641,43.359,97.0,21.9,84.8,594.277
Iran,IRN,2008,75514204.0,46.3630025295317,69.458,30.542,98.8,0.7,96.5,549.7509
Iran,IRN,2009,76457825.0,46.9423518504875,70.045,29.955,99.7,0.8,96.8,571.3448
Iran,IRN,2010,77420842.0,47.5336096171321,70.626,29.374,99.4,0.9,96.9,574.6116
Iran,IRN,2011,78383598.0,48.1247071391734,71.2,28.8,99.5,0.9,97.0,584.0948
Iran,IRN,2012,79370580.0,48.7306785530097,71.755,28.245,99.5,0.9,97.1,591.1841
Iran,IRN,2013,80414686.0,49.3717220462192,72.295,27.705,99.8,1.0,97.1,611.3338
Iran,IRN,2014,81502045.0,50.0393213241976,72.83,27.17,100.0,0.9,97.1,635.1866
Iran,IRN,2015,82619362.0,50.7253137356025,73.358,26.642,100.0,0.9,97.1,628.8444
Iran,IRN,2016,83812228.0,51.4576905130283,73.88,26.12,100.0,1.0,97.0,641.4569
Iran,IRN,2017,85026754.0,52.4047790446841,74.394,25.606,99.9,1.0,96.8,664.8995
Iran,IRN,2018,86117998.0,53.0773485362096,74.898,25.102,100.0,1.0,96.6,676.5598
Iran,IRN,2019,87051648.0,53.6527876733436,75.391,24.609,100.0,1.0,96.5,664.1015
Iran,IRN,2020,87723443.0,54.0668369799692,75.874,24.126,100.0,0.9,96.4,656.7982
Kazakhstan,KAZ,2008,16426525.0,6.08457421194948,56.682,43.318,100.0,1.1,90.5,253.123
Kazakhstan,KAZ,2009,16619846.0,6.15618253880061,56.755,43.245,100.0,1.3,91.2,225.3866
Kazakhstan,KAZ,2010,16836810.0,6.23654850538949,56.827,43.173,100.0,1.4,91.6,241.989
Kazakhstan,KAZ,2011,17066002.0,6.32144386413305,56.9,43.1,99.8,1.4,92.1,258.3271
Kazakhstan,KAZ,2012,17306106.0,6.4103811534615,56.973,43.027,100.0,1.3,92.4,256.2936
Kazakhstan,KAZ,2013,17556502.0,6.50313071822795,57.046,42.954,100.0,1.2,92.8,275.2521
Kazakhstan,KAZ,2014,17816285.0,6.5993573360003,57.118,42.882,100.0,1.3,93.0,228.4569
Kazakhstan,KAZ,2015,18084169.0,6.69858465755454,57.191,42.809,100.0,1.7,93.2,201.3691
Kazakhstan,KAZ,2016,18363600.0,6.80208912101345,57.264,42.736,100.0,2.1,93.4,211.5262
Kazakhstan,KAZ,2017,18651931.0,6.90889024706449,57.336,42.664,100.0,2.0,93.4,224.3208
Kazakhstan,KAZ,2018,18932727.0,7.01290032225803,57.428,42.572,100.0,1.9,93.4,225.9918
Kazakhstan,KAZ,2019,19209555.0,7.11544060451161,57.54,42.46,100.0,1.9,93.4,214.6891
Kazakhstan,KAZ,2020,19482117.0,7.21640071119013,57.671,42.329,100.0,1.8,93.5,222.677
Bolivia,BOL,2008,9850858.0,9.09337948859965,65.535,34.465,84.7,21.3,72.9,12.7492
Bolivia,BOL,2009,10016275.0,9.24607680236315,65.984,34.016,86.8,20.6,74.4,13.5964
Bolivia,BOL,2010,10182345.0,9.39937690390474,66.43,33.57,88.0,19.9,75.8,14.7076
Bolivia,BOL,2011,10348929.0,9.55315148158405,66.874,33.126,88.3,18.1,77.2,16.0021
Bolivia,BOL,2012,10515807.0,9.7071974522293,67.315,32.685,90.4,17.4,78.6,16.9694
Bolivia,BOL,2013,10682608.0,9.86117234376442,67.699,32.301,89.5,16.0,79.9,18.024
Bolivia,BOL,2014,10848888.0,10.0146662974245,68.047,31.953,90.0,15.0,81.2,19.309
Bolivia,BOL,2015,11014705.0,10.1677328533186,68.393,31.607,91.5,14.2,82.35,19.8345
Bolivia,BOL,2016,11180020.0,10.3203360103388,68.738,31.262,91.8,13.6,83.5,21.2787
Bolivia,BOL,2017,11344587.0,10.4722486845749,69.08,30.92,91.8,14.3,84.6,21.648
Bolivia,BOL,2018,11508368.0,10.6234357980246,69.425,30.575,92.8,14.3,85.6,21.851
Bolivia,BOL,2019,11671386.0,10.7739185821102,69.773,30.227,95.1,13.5,86.6,21.8707
Bolivia,BOL,2020,11816299.0,10.9076885442629,70.123,29.877,97.2,16.9,87.4,18.4606
Uruguay,URY,2008,3302177.0,18.8674265798194,93.998,6.002,98.8,44.1,100.0,7.8669
Uruguay,URY,2009,3310091.0,18.9126442692264,94.209,5.791,99.1,44.6,100.0,7.7867
Uruguay,URY,2010,3318580.0,18.9611472974517,94.414,5.586,99.3,53.3,100.0,6.4131
Uruguay,URY,2011,3326825.0,19.0082561992915,94.612,5.38800000000001,99.2,49.7,100.0,7.7424
Uruguay,URY,2012,3335401.0,19.0572563135642,94.739,5.261,99.6,47.9,100.0,8.8178
Uruguay,URY,2013,3345337.0,19.1140269683465,94.843,5.157,99.6,51.9,100.0,7.5959
Uruguay,URY,2014,3356334.0,19.1768597874529,94.945,5.05500000000001,99.7,56.7,100.0,6.6612
Uruguay,URY,2015,3368017.0,19.2436121586104,95.045,4.955,99.7,59.4,100.0,6.837
Uruguay,URY,2016,3379283.0,19.3079819449206,95.144,4.85599999999999,99.7,60.3,100.0,6.7355
Uruguay,URY,2017,3388438.0,19.3602902525426,95.24,4.76000000000001,99.8,60.8,100.0,6.341
Uruguay,URY,2018,3394534.0,19.3951205576506,95.334,4.666,99.8,60.8,100.0,6.8315
Uruguay,URY,2019,3397206.0,19.4103873842989,95.426,4.574,99.9,59.3,100.0,7.1178
Uruguay,URY,2020,3398968.0,19.4204548051651,95.515,4.485,100.0,61.2,100.0,6.8958
Panama,PAN,2008,3500648.0,47.0896959913909,64.56,35.44,86.3,23.4,100.0,7.2555
Panama,PAN,2009,3564381.0,47.9470137207425,64.851,35.149,87.0,20.4,100.0,8.6731
Panama,PAN,2010,3628535.0,48.8099946193167,65.14,34.86,86.9,20.6,100.0,9.1776
Panama,PAN,2011,3693505.0,49.6839521119182,65.437,34.563,88.6,19.7,100.0,9.9955
Panama,PAN,2012,3759256.0,50.5684153887544,65.741,34.259,89.3,21.2,100.0,10.4516
Panama,PAN,2013,3825329.0,51.4572101156847,66.052,33.948,89.1,20.7,100.0,10.2621
Panama,PAN,2014,3892101.0,52.5108067997841,66.371,33.629,90.8,19.8,100.0,10.7718
Panama,PAN,2015,3960035.0,53.4273475445224,66.696,33.304,91.6,22.0,100.0,10.6311
Panama,PAN,2016,4029086.0,54.3589584457636,67.027,32.973,92.4,22.1,100.0,10.6644
Panama,PAN,2017,4098707.0,55.298259579061,67.365,32.635,93.7,23.6,100.0,10.1457
Panama,PAN,2018,4167860.0,56.1857643569695,67.709,32.291,93.8,24.5,100.0,9.9267
Panama,PAN,2019,4234700.0,57.0868158533297,68.059,31.941,93.9,19.0,100.0,13.1056
Panama,PAN,2020,4293261.0,57.87626045,68.414,31.586,95.3,28.5,100.0,9.5971
Bulgaria,BGR,2008,7492561.0,68.98592211,71.622,28.378,92.3,9.9,94.236,54.4064
Bulgaria,BGR,2009,7444443.0,68.5744565217391,71.963,28.037,92.9,11.6,94.691,46.4564
Bulgaria,BGR,2010,7395599.0,68.1245302137067,72.302,27.698,93.5,14.3,95.177,49.4329
Bulgaria,BGR,2011,7348328.0,67.6890935887988,72.638,27.362,94.1,13.2,95.582,54.7156
Bulgaria,BGR,2012,7305888.0,67.2981577008106,72.975,27.025,94.7,15.6,95.955,49.871
Bulgaria,BGR,2013,7265115.0,66.922577376566,73.313,26.687,95.3,18.2,96.364,44.4068
Bulgaria,BGR,2014,7223938.0,66.5432756079587,73.651,26.349,95.9,17.1,96.714,47.2492
Bulgaria,BGR,2015,7177991.0,66.1200350036846,73.99,26.01,96.6,17.9,97.009,49.7792
Bulgaria,BGR,2016,7127822.0,65.6579034635225,74.329,25.671,97.3,17.7,97.3,47.0982
Bulgaria,BGR,2017,7075947.0,65.1800571112749,74.669,25.331,98.1,17.1,97.536,49.2263
Bulgaria,BGR,2018,7025037.0,64.7110998526161,75.008,24.992,98.7,19.6,97.755,46.2676
Bulgaria,BGR,2019,6975761.0,64.2571941783346,75.347,24.653,99.2,19.3,97.945,44.5676
Bulgaria,BGR,2020,6934015.0,63.8726510685335,75.686,24.314,99.7,21.1,98.1,39.3622
El Salvador,SLV,2008,6029297.0,290.989237451737,63.678,36.322,91.0,31.5,73.1,7.0862
El Salvador,SLV,2009,6048279.0,291.905357142857,64.57,35.43,91.1,32.2,75.2,6.8948
El Salvador,SLV,2010,6068249.0,292.86916023166,65.452,34.548,91.6,32.6,77.0,6.7208
El Salvador,SLV,2011,6090127.0,293.925048262548,66.325,33.675,92.6,29.5,78.6,7.0198
El Salvador,SLV,2012,6113975.0,295.076013513513,67.187,32.813,93.7,30.3,80.4,6.9949
El Salvador,SLV,2013,6138839.0,296.276013513514,68.036,31.964,95.0,27.5,82.1,6.6284
El Salvador,SLV,2014,6162955.0,297.439913127413,68.874,31.126,95.1,24.0,83.8,6.8083
El Salvador,SLV,2015,6183676.0,298.439961389961,69.7,30.3,95.4,21.0,85.3,7.2629
El Salvador,SLV,2016,6200800.0,299.266409266409,70.501,29.499,96.0,20.7,87.0,7.3236
El Salvador,SLV,2017,6213533.0,299.880936293436,71.275,28.725,96.8,25.0,88.3,6.6285
El Salvador,SLV,2018,6219807.0,300.183735521236,72.023,27.977,97.0,23.2,89.7,7.1002
El Salvador,SLV,2019,6222318.0,300.304922779923,72.746,27.254,97.4,19.4,90.9,8.1035
El Salvador,SLV,2020,6234673.0,300.901206563707,73.444,26.556,99.7,23.7,91.9,6.6591
Iceland,ISL,2008,317414.0,3.16622443890274,93.395,6.605,100.0,74.0,100.0,3.7862
Iceland,ISL,2009,318499.0,3.17704738154613,93.511,6.489,100.0,74.7,100.0,3.8286
Iceland,ISL,2010,318041.0,3.17247880299252,93.574,6.426,100.0,76.0,100.0,3.7373
Iceland,ISL,2011,319014.0,3.18218453865337,93.587,6.413,100.0,77.1,100.0,3.6033
Iceland,ISL,2012,320716.0,3.19916209476309,93.6,6.40000000000001,100.0,77.7,100.0,3.6509
Iceland,ISL,2013,323764.0,3.22956608478803,93.633,6.367,100.0,76.8,100.0,3.7362
Iceland,ISL,2014,327386.0,3.2656957605985,93.667,6.333,100.0,77.6,100.0,3.5613
Iceland,ISL,2015,330815.0,3.29990024937656,93.7,6.3,100.0,78.0,100.0,3.6549
Iceland,ISL,2016,335439.0,3.34602493765586,93.735,6.265,100.0,80.9,100.0,3.2142
Iceland,ISL,2017,343400.0,3.42543640897756,93.773,6.227,100.0,80.8,100.0,3.3148
Iceland,ISL,2018,352721.0,3.49817514628583,93.813,6.187,100.0,81.4,100.0,3.2955
Iceland,ISL,2019,360563.0,3.5759496181692,93.855,6.145,100.0,81.7,100.0,3.1653
Iceland,ISL,2020,366463.0,3.63446394922146,93.898,6.102,100.0,82.9,100.0,3.0602
Moldova,MDA,2008,2868833.0,99.8653879625439,42.682,57.318,99.1,4.9,89.0,7.7632
Moldova,MDA,2009,2865213.0,99.739374107982,42.651,57.349,99.2,4.8,90.7,7.6323
Moldova,MDA,2010,2862354.0,99.7787848154216,42.62,57.38,99.3,20.0,92.0,8.3894
Moldova,MDA,2011,2860699.0,99.7210931780946,42.589,57.411,99.4,20.4,93.1,8.4266
Moldova,MDA,2012,2860324.0,99.6732759521901,42.558,57.442,99.5,22.1,94.1,8.2455
Moldova,MDA,2013,2859558.0,99.5771842462653,42.527,57.473,99.6,23.8,94.9,7.3433
Moldova,MDA,2014,2857815.0,99.5164884911377,42.496,57.504,99.8,24.3,95.65,7.885
Moldova,MDA,2015,2835978.0,98.7560678343838,42.49,57.51,99.9,24.7,96.1,8.1636
Moldova,MDA,2016,2803186.0,97.614165825121,42.511,57.489,99.9,25.3,96.6,8.3042
Moldova,MDA,2017,2755189.0,95.9093883802694,42.557,57.443,100.0,26.1,96.8,8.1896
Moldova,MDA,2018,2707203.0,94.2543946689506,42.629,57.371,100.0,25.3,97.0,8.7553
Moldova,MDA,2019,2664224.0,92.756093569939,42.726,57.274,100.0,22.0,97.3,9.0374
Moldova,MDA,2020,2635130.0,91.7473260542588,42.849,57.151,100.0,22.3,97.4,8.7757
Slovak Republic,SVK,2008,5379233.0,111.834365904366,55.111,44.889,100.0,7.6,100.0,40.6952
Slovak Republic,SVK,2009,5386406.0,112.006778956124,54.96,45.04,100.0,10.0,100.0,36.8926
Slovak Republic,SVK,2010,5391428.0,112.108876920838,54.685,45.315,100.0,10.3,100.0,39.3279
Slovak Republic,SVK,2011,5398384.0,112.260522375645,54.42,45.58,100.0,10.4,100.0,37.5573
Slovak Republic,SVK,2012,5407579.0,112.451734320413,54.28,45.72,100.0,10.5,100.0,35.8384
Slovak Republic,SVK,2013,5413393.0,112.572637664282,54.14,45.86,100.0,10.7,100.0,36.1493
Slovak Republic,SVK,2014,5418649.0,112.700686356073,54.0,46.0,100.0,12.2,100.0,33.6589
Slovak Republic,SVK,2015,5423801.0,112.803148787488,53.889,46.111,100.0,13.4,100.0,34.1112
Slovak Republic,SVK,2016,5430798.0,112.953369384359,53.806,46.194,100.0,13.1,100.0,35.0566
Slovak Republic,SVK,2017,5439232.0,113.128785357737,53.751,46.249,100.0,12.4,100.0,37.3056
Slovak Republic,SVK,2018,5446771.0,113.285586522463,53.726,46.274,100.0,12.4,100.0,36.6487
Slovak Republic,SVK,2019,5454147.0,113.43899750416,53.729,46.271,100.0,17.6,100.0,34.4752
Slovak Republic,SVK,2020,5458827.0,113.536335274542,53.76,46.24,100.0,17.6,100.0,32.31
