country,geocode,perceptions of criminality,homicide rate,police rate,incarceration rate,Access to small arms,intensity of internal conflict,violent demonstrations,Violent crime,Political instability,Political Terror Scale,weapons imports,terrorism impact,deaths from internal conflict,internal conflicts fought,military expenditure (% gdp),armed services personnel rate,un peacekeeping funding,nuclear and heavy weapons,weapons exports,refugees and idps,Neighbouring countries relations,external conflicts fought,deaths From external conflict,overall score,internal peace,external peace,safety and security,ongoing conflict,militarisation,Year
Armenia,ARM,2.0,2.16,2.5,1.944,4.0,2.0,1.0,3.0,3.75,2.0,1.553,1.024,1.0,1.0,2.683,3.312,2.329,1.032,1.037,1.171,5.0,1.25,1.0,2.124,2.117,2.135,2.138,2.029,2.233,2008
Armenia,ARM,2.1,2.147,2.5,1.944,4.0,2.0,1.0,3.0,3.75,2.5,1.556,1.024,1.0,1.0,2.683,3.312,2.329,1.032,1.037,1.182,5.0,1.375,1.0,2.157,2.164,2.147,2.206,2.041,2.233,2009
Armenia,ARM,2.1,2.319,2.5,2.286,4.0,2.0,1.0,3.0,3.75,3.0,1.221,1.024,1.0,1.0,3.275,3.312,2.329,1.032,1.037,1.202,5.0,1.7,1.0,2.224,2.228,2.218,2.317,2.071,2.264,2010
Armenia,ARM,1.95,2.323,2.5,2.286,4.0,2.0,1.0,3.0,3.0,2.5,1.467,1.024,1.0,1.0,2.955,3.418,1.479,1.033,1.037,1.198,5.0,1.7,1.0,2.132,2.125,2.142,2.157,2.071,2.168,2011
Armenia,ARM,2.1,1.956,2.5,2.214,4.0,2.0,1.0,3.0,3.25,2.5,1.492,1.024,1.0,1.0,2.864,3.41,1.0,1.033,1.0,1.186,5.0,1.7,1.0,2.111,2.121,2.096,2.149,2.071,2.096,2012
Armenia,ARM,1.95,2.107,2.5,2.214,4.0,2.0,1.0,3.0,3.25,3.0,1.487,1.012,1.36,1.053,2.783,3.4,1.0,1.033,1.0,1.18,5.0,1.7,1.0,2.159,2.206,2.088,2.211,2.149,2.085,2013
Armenia,ARM,1.85,2.056,2.5,2.048,3.0,2.0,1.0,2.5,3.25,2.5,1.563,1.0,1.04,1.105,2.969,3.3,1.041,1.033,1.0,1.135,5.0,1.7,1.0,2.042,2.01,2.091,2.058,2.09,1.932,2014
Armenia,ARM,1.75,2.039,2.5,2.048,3.0,2.0,1.5,2.0,3.0,3.0,1.345,1.0,1.0,1.105,2.922,2.344,1.86,1.033,1.0,1.134,5.0,1.5,1.0,2.024,1.999,2.062,2.061,2.063,1.885,2015
Armenia,ARM,1.65,2.116,2.5,2.024,3.0,2.0,1.25,2.0,3.0,3.0,1.099,1.0,1.64,1.158,2.888,3.331,1.518,1.033,1.0,1.127,5.0,1.825,1.0,2.077,2.042,2.13,2.037,2.227,1.928,2016
Armenia,ARM,1.7,2.142,2.5,2.024,3.0,2.0,1.5,2.0,3.0,2.5,1.597,1.169,1.16,1.211,2.955,3.333,1.334,1.035,1.0,1.121,5.0,1.8,1.0,2.048,2.001,2.119,2.017,2.134,1.973,2017
Armenia,ARM,1.9,2.245,2.5,1.944,3.0,2.0,1.25,2.0,3.0,3.0,1.683,1.093,1.0,1.158,2.802,3.336,1.334,1.037,1.0,1.122,5.0,1.725,1.0,2.056,2.024,2.103,2.072,2.089,1.966,2018
Armenia,ARM,1.45,2.1,2.5,1.944,3.0,2.0,1.75,2.0,2.875,2.5,1.608,1.049,1.04,1.105,2.969,3.34,1.0,1.036,1.0,1.125,5.0,1.9,1.0,2.018,1.959,2.106,1.983,2.108,1.938,2019
Armenia,ARM,1.45,1.859,2.5,1.595,3.0,2.0,1.75,2.0,2.75,3.0,2.79,1.024,1.08,1.105,3.261,3.345,1.0,1.043,1.0,1.125,3.0,1.875,1.0,1.91,2.001,1.772,1.967,1.711,2.113,2020
Austria,AUT,1.9,1.369,2.61,1.778,2.0,1.0,1.5,1.0,1.0,2.0,1.662,1.384,1.0,1.0,1.33,1.735,1.122,1.056,1.449,1.0,1.0,1.125,1.0,1.336,1.461,1.148,1.518,1.011,1.483,2008
Austria,AUT,1.9,1.271,2.604,1.778,2.0,1.0,1.5,1.0,1.25,2.0,1.907,1.384,1.0,1.0,1.33,1.637,1.122,1.056,1.486,1.0,1.0,1.25,1.0,1.352,1.484,1.155,1.535,1.023,1.507,2009
Austria,AUT,2.0,1.348,2.599,1.81,2.0,1.0,1.5,1.5,1.0,1.5,2.286,1.384,1.0,1.0,1.368,1.637,1.122,1.055,1.619,1.0,1.0,1.375,1.0,1.369,1.493,1.181,1.526,1.034,1.579,2010
Austria,AUT,1.95,1.305,2.595,1.81,2.0,1.0,1.5,1.5,1.0,2.0,2.248,1.384,1.0,1.0,1.406,1.468,1.315,1.054,1.818,1.0,1.0,1.375,1.0,1.399,1.527,1.207,1.575,1.034,1.617,2011
Austria,AUT,1.75,1.364,2.644,1.802,2.0,1.0,1.5,1.5,1.0,1.5,2.245,1.384,1.0,1.0,1.378,1.469,1.266,1.053,1.783,1.0,1.0,1.5,1.0,1.371,1.479,1.208,1.509,1.046,1.601,2012
Austria,AUT,1.7,1.458,2.651,1.802,2.0,1.0,1.5,1.0,1.0,1.0,1.808,1.219,1.0,1.0,1.373,1.412,1.217,1.052,1.638,1.0,1.0,1.5,1.0,1.299,1.375,1.184,1.389,1.046,1.511,2013
Austria,AUT,1.7,1.48,2.648,1.802,2.0,1.0,1.5,1.0,1.0,1.0,1.502,1.12,1.0,1.0,1.382,1.411,1.198,1.051,1.679,1.0,1.0,1.5,1.0,1.291,1.36,1.188,1.386,1.046,1.481,2014
Austria,AUT,1.9,1.359,2.638,1.802,2.0,1.0,1.5,1.0,1.0,1.0,1.039,1.0,1.0,1.0,1.354,1.396,1.113,1.051,1.585,1.0,1.0,1.5,1.0,1.27,1.337,1.169,1.381,1.046,1.395,2015
Austria,AUT,1.9,1.246,2.632,1.77,2.0,1.0,1.5,1.0,1.0,1.0,1.032,1.0,1.0,1.0,1.335,1.391,1.028,1.051,1.405,1.0,1.0,1.625,1.0,1.256,1.325,1.152,1.364,1.057,1.349,2016
Austria,AUT,2.0,1.254,2.617,1.77,2.0,1.0,2.0,1.0,1.0,1.5,1.043,1.785,1.0,1.0,1.349,1.376,1.426,1.053,1.292,1.0,1.0,1.6,1.0,1.329,1.438,1.166,1.522,1.055,1.378,2017
Austria,AUT,1.9,1.309,2.655,1.778,2.0,1.0,1.5,1.0,1.0,1.0,1.049,1.559,1.0,1.0,1.363,1.373,1.457,1.053,1.287,1.0,1.0,1.525,1.0,1.279,1.356,1.163,1.407,1.048,1.383,2018
Austria,AUT,1.8,1.398,2.664,1.778,2.0,1.0,1.75,1.0,1.0,1.0,1.05,1.479,1.0,1.0,1.359,1.364,1.29,1.053,1.224,1.0,1.0,1.5,1.0,1.279,1.371,1.141,1.427,1.046,1.35,2019
Austria,AUT,1.55,1.486,2.71,1.746,2.0,1.0,2.25,1.0,1.0,1.0,1.075,1.296,1.0,1.0,1.349,1.391,1.085,1.054,1.184,1.0,1.0,1.475,1.0,1.282,1.388,1.122,1.45,1.044,1.324,2020
Belarus,BLR,3.15,4.029,2.67,4.635,3.0,3.0,2.25,2.0,2.875,3.0,1.211,2.683,1.0,1.0,1.473,2.141,1.23,2.139,1.508,1.017,3.0,1.0,1.0,2.242,2.63,1.661,2.799,1.805,1.885,2008
Belarus,BLR,3.15,3.196,2.678,4.635,3.0,3.0,2.25,2.0,2.75,2.5,1.212,2.683,1.0,1.0,1.473,2.151,1.23,1.984,1.984,1.019,3.0,1.0,1.0,2.183,2.508,1.696,2.628,1.805,1.943,2009
Belarus,BLR,3.0,2.948,2.684,4.31,3.0,3.0,2.25,2.0,2.75,3.0,1.217,2.683,1.0,1.0,1.645,2.151,1.23,1.83,2.049,1.019,3.0,1.0,1.0,2.179,2.5,1.699,2.617,1.805,1.948,2010
Belarus,BLR,2.65,2.78,2.688,4.31,3.0,3.0,2.25,2.0,3.25,2.5,1.208,2.683,1.0,1.0,1.588,2.182,1.31,1.675,2.359,1.02,3.0,1.0,1.0,2.166,2.463,1.719,2.566,1.805,1.981,2011
Belarus,BLR,2.4,2.556,2.691,3.417,3.0,3.0,2.25,2.0,3.25,2.5,1.114,2.683,1.0,1.0,1.325,2.174,1.8,1.52,2.52,1.021,3.0,1.0,1.0,2.115,2.369,1.736,2.44,1.805,1.997,2012
Belarus,BLR,2.35,2.485,2.694,3.417,3.0,3.0,2.25,2.0,3.25,2.5,1.224,2.409,1.0,1.0,1.402,1.774,1.749,1.366,2.782,1.022,3.0,1.0,1.0,2.1,2.353,1.721,2.411,1.805,1.985,2013
Belarus,BLR,2.45,2.398,2.696,3.488,3.0,3.0,2.25,2.0,3.25,2.5,1.333,2.132,1.0,1.0,1.43,1.776,2.179,1.211,2.911,1.015,3.0,1.0,1.0,2.109,2.349,1.749,2.399,1.805,2.047,2014
Belarus,BLR,2.5,2.38,2.696,3.488,3.0,3.0,2.25,2.0,3.25,3.0,1.425,1.847,1.0,1.0,1.507,1.77,2.624,1.087,3.082,1.015,3.0,1.0,1.0,2.147,2.385,1.791,2.443,1.805,2.127,2015
Belarus,BLR,2.5,2.397,2.694,3.929,3.0,3.0,1.0,2.0,3.375,2.5,1.567,1.612,1.0,1.0,1.473,1.769,1.603,1.089,3.024,1.014,3.0,1.0,1.0,2.064,2.3,1.71,2.316,1.805,2.01,2016
Belarus,BLR,2.45,2.359,2.692,3.929,3.0,3.0,1.5,2.0,3.0,2.0,1.632,1.0,1.0,1.0,1.507,1.768,1.402,1.117,3.176,1.013,3.0,1.0,1.0,2.024,2.228,1.717,2.212,1.805,2.029,2017
Belarus,BLR,2.65,2.308,2.69,3.732,3.0,3.0,2.25,2.0,3.0,2.5,1.753,1.0,1.0,1.0,1.464,1.768,1.568,1.118,3.048,1.013,3.0,1.0,1.0,2.076,2.318,1.713,2.331,1.805,2.036,2018
Belarus,BLR,2.65,2.132,2.69,3.732,3.0,3.0,1.5,2.0,3.0,3.0,1.852,1.0,1.0,1.0,1.478,1.727,1.099,1.121,2.507,1.012,3.0,1.0,1.0,2.03,2.303,1.62,2.303,1.805,1.894,2019
Belarus,BLR,2.45,2.096,2.693,3.732,3.0,3.0,1.0,2.0,3.0,3.0,2.247,1.0,1.0,1.0,1.483,1.73,1.066,1.125,2.465,1.012,3.0,1.0,1.0,2.009,2.272,1.614,2.237,1.805,1.931,2020
Belgium,BEL,2.35,2.256,2.847,1.73,2.0,1.0,1.0,2.0,1.0,1.5,1.293,1.177,1.0,1.0,1.478,1.574,1.667,1.196,1.8,1.0,1.0,1.4,1.0,1.441,1.562,1.259,1.681,1.037,1.589,2008
Belgium,BEL,2.35,2.25,2.822,1.73,2.0,1.0,1.0,2.0,1.25,1.5,1.51,1.177,1.0,1.0,1.478,1.559,1.667,1.194,2.321,1.0,1.0,1.525,1.0,1.484,1.59,1.324,1.708,1.048,1.704,2009
Belgium,BEL,2.35,2.245,2.801,1.77,2.0,1.0,1.0,2.0,1.0,1.5,1.596,1.177,1.0,1.0,1.492,1.559,1.667,1.191,2.798,1.0,1.0,1.65,1.0,1.498,1.574,1.385,1.679,1.06,1.8,2010
Belgium,BEL,2.4,2.237,2.846,1.77,2.0,1.0,1.0,2.0,1.25,1.5,1.63,1.177,1.0,1.0,1.521,1.543,1.348,1.189,2.408,1.0,1.0,1.675,1.0,1.49,1.602,1.324,1.716,1.062,1.698,2011
Belgium,BEL,2.3,2.229,2.825,1.81,2.0,1.0,1.0,2.0,1.25,1.5,1.634,1.177,1.0,1.0,1.502,1.486,1.606,1.187,2.521,1.0,1.0,1.625,1.0,1.495,1.596,1.344,1.708,1.057,1.74,2012
Belgium,BEL,2.25,2.223,2.714,1.81,2.0,1.0,1.0,2.0,1.25,1.0,1.453,1.093,1.0,1.0,1.507,1.471,1.606,1.185,2.484,1.0,1.0,1.625,1.0,1.455,1.532,1.339,1.629,1.057,1.711,2013
Belgium,BEL,2.6,2.218,2.726,1.833,2.0,1.0,1.0,2.0,1.25,1.0,1.27,1.049,1.0,1.0,1.459,1.442,1.237,1.183,2.066,1.0,1.0,1.625,1.0,1.433,1.546,1.263,1.66,1.057,1.563,2014
Belgium,BEL,2.3,2.215,2.726,1.833,2.0,1.0,2.0,2.0,1.25,1.0,1.282,1.757,1.0,1.0,1.445,1.416,1.432,1.183,1.499,1.0,1.0,1.675,1.0,1.46,1.621,1.218,1.763,1.062,1.482,2015
Belgium,BEL,2.45,2.212,2.689,1.746,2.0,1.0,1.75,2.0,1.25,1.0,1.302,1.634,1.0,1.0,1.416,1.415,1.259,1.191,1.499,1.0,1.0,1.85,1.0,1.449,1.602,1.219,1.736,1.078,1.462,2016
Belgium,BEL,2.45,2.207,2.675,1.746,3.0,1.0,2.25,2.0,1.25,1.0,1.277,2.965,2.009,1.421,1.387,1.397,1.279,1.187,1.249,1.0,1.0,1.95,1.0,1.607,1.879,1.198,1.856,1.334,1.588,2017
Belgium,BEL,2.4,2.204,2.663,1.714,3.0,1.0,2.25,2.0,1.25,1.0,1.249,2.708,1.0,1.421,1.43,1.385,1.236,1.184,1.239,1.0,1.0,1.875,1.0,1.529,1.755,1.19,1.833,1.124,1.581,2018
Belgium,BEL,2.65,2.201,2.672,1.714,3.0,1.0,2.5,2.0,1.25,1.0,1.195,2.506,1.16,1.684,1.425,1.353,1.124,1.175,1.159,1.0,1.0,1.975,1.0,1.555,1.807,1.178,1.865,1.192,1.541,2019
Belgium,BEL,2.75,2.198,2.646,1.714,3.0,1.0,3.25,2.0,1.25,1.0,1.088,2.208,1.0,1.684,1.43,1.35,1.049,1.176,1.281,1.0,1.0,1.9,1.0,1.567,1.825,1.18,1.92,1.153,1.541,2020
Brazil,BRA,4.2,5.0,1.964,2.833,4.0,1.0,1.0,4.0,1.25,4.0,1.057,1.169,2.015,1.0,1.684,1.268,2.08,1.672,1.021,1.0,1.0,1.0,1.0,2.014,2.546,1.217,2.745,1.204,1.897,2008
Brazil,BRA,3.7,5.0,1.797,2.833,4.0,1.0,1.0,4.0,1.25,4.0,1.062,1.169,1.8,1.0,1.684,1.258,2.08,1.663,1.034,1.0,1.0,1.0,1.0,1.976,2.481,1.217,2.686,1.161,1.898,2009
Brazil,BRA,4.0,5.0,1.909,2.976,4.0,1.0,1.0,4.0,1.25,4.0,1.065,1.169,2.015,1.053,1.75,1.258,2.08,1.653,1.033,1.0,1.0,1.0,1.0,2.013,2.542,1.22,2.735,1.21,1.904,2010
Brazil,BRA,3.95,5.0,1.866,2.976,3.8,1.0,1.0,4.0,1.25,4.0,1.067,1.169,1.16,1.053,1.746,1.248,2.027,1.644,1.053,1.0,1.0,1.0,1.0,1.947,2.434,1.217,2.727,1.038,1.863,2011
Brazil,BRA,3.55,5.0,1.711,3.142,3.8,1.0,1.0,4.0,1.25,4.0,1.071,1.169,2.009,1.105,1.693,1.251,2.718,1.634,1.051,1.0,1.0,1.0,1.0,2.005,2.501,1.261,2.693,1.214,1.937,2012
Brazil,BRA,3.65,5.0,2.322,3.142,4.0,1.0,1.75,4.0,1.25,3.5,1.079,1.093,2.256,1.158,1.645,1.248,2.602,1.625,1.048,1.0,1.0,1.0,1.0,2.053,2.59,1.248,2.758,1.269,1.951,2013
Brazil,BRA,4.25,5.0,2.237,3.386,4.0,1.0,2.75,4.0,1.25,4.0,1.082,1.046,2.003,1.158,1.607,1.24,1.436,1.615,1.039,1.0,1.0,1.0,1.0,2.093,2.715,1.16,2.969,1.218,1.805,2014
Brazil,BRA,4.15,5.0,2.35,3.386,4.0,1.0,3.25,4.0,1.75,4.0,1.086,1.024,1.16,1.105,1.612,1.242,2.562,1.612,1.037,1.0,1.0,1.0,1.0,2.114,2.697,1.24,3.072,1.043,1.938,2015
Brazil,BRA,4.0,5.0,2.339,3.764,4.0,1.0,2.75,4.0,2.0,4.0,1.083,1.288,2.058,1.211,1.65,1.252,3.86,1.595,1.024,1.0,1.0,1.2,1.0,2.226,2.811,1.348,3.092,1.253,2.091,2016
Brazil,BRA,4.15,5.0,2.329,3.764,4.0,1.0,3.25,4.0,2.125,4.0,1.074,1.288,2.105,1.211,1.626,1.25,4.64,1.478,1.036,1.0,1.0,1.4,1.0,2.282,2.866,1.406,3.163,1.281,2.16,2017
Brazil,BRA,4.4,5.0,2.319,3.803,4.0,1.0,3.0,4.0,2.125,3.5,1.059,1.169,3.474,1.526,1.688,1.272,4.331,1.483,1.036,1.0,1.0,1.4,1.0,2.345,2.981,1.391,3.1,1.589,2.133,2018
Brazil,BRA,4.3,5.0,2.309,3.803,4.0,2.0,3.5,4.5,2.125,3.5,1.061,1.231,3.38,1.842,1.688,1.27,4.506,1.452,1.045,1.0,1.0,1.4,1.0,2.458,3.163,1.401,3.197,1.804,2.149,2019
Brazil,BRA,3.95,5.0,2.3,4.016,4.0,2.0,3.0,5.0,2.0,4.0,1.055,2.168,3.171,2.368,1.703,1.268,3.115,1.451,1.044,1.0,1.0,1.4,1.0,2.466,3.241,1.303,3.298,1.816,1.986,2020
Canada,CAN,2.15,1.928,1.953,1.913,2.0,1.0,1.25,1.0,1.0,1.0,1.486,1.197,1.0,1.0,1.626,1.295,1.306,3.219,2.173,1.001,1.0,1.5,1.0,1.42,1.376,1.487,1.409,1.046,1.977,2008
Canada,CAN,2.2,1.902,1.969,1.929,2.0,1.0,1.25,1.0,1.0,1.5,1.597,1.197,1.0,1.0,1.626,1.293,1.306,2.98,2.12,1.0,1.0,1.575,1.0,1.44,1.426,1.462,1.472,1.053,1.938,2009
Canada,CAN,2.15,1.918,1.976,1.929,2.0,1.0,1.25,1.0,1.0,1.5,1.494,1.197,1.0,1.0,1.688,1.293,1.306,2.741,2.035,1.0,2.0,1.65,1.0,1.498,1.42,1.615,1.47,1.261,1.876,2010
Canada,CAN,1.95,1.902,1.994,1.929,2.0,1.0,1.25,1.0,1.0,1.0,1.543,1.197,1.0,1.0,1.703,1.292,1.381,2.503,1.994,1.0,1.5,1.725,1.0,1.424,1.367,1.509,1.393,1.167,1.843,2011
Canada,CAN,2.0,1.814,2.01,1.929,2.0,1.0,1.25,1.0,1.0,1.0,1.641,1.197,1.0,1.0,1.669,1.292,1.258,2.264,1.999,1.0,1.5,1.725,1.0,1.41,1.368,1.473,1.389,1.167,1.795,2012
Canada,CAN,1.8,1.881,2.005,1.937,2.0,1.0,2.5,1.0,1.0,1.0,1.527,1.096,1.0,1.0,1.612,1.288,1.209,2.026,1.915,1.0,1.0,1.725,1.0,1.396,1.431,1.343,1.484,1.067,1.712,2013
Canada,CAN,2.15,1.786,1.995,1.937,2.0,1.0,1.25,1.0,1.0,1.0,1.435,1.035,1.0,1.0,1.545,1.285,1.026,1.787,1.84,1.0,1.0,1.725,1.0,1.332,1.359,1.292,1.389,1.067,1.615,2014
Canada,CAN,1.95,1.721,1.981,1.905,2.0,1.0,1.25,1.0,1.0,1.0,1.513,1.683,1.0,1.0,1.531,1.288,1.0,1.602,1.817,1.0,1.0,1.725,1.0,1.328,1.369,1.267,1.397,1.067,1.584,2015
Canada,CAN,1.9,1.736,1.965,1.905,2.0,1.0,1.25,1.0,1.0,1.0,1.572,1.532,1.0,1.0,1.54,1.279,1.0,1.606,1.907,1.0,1.0,1.8,1.0,1.33,1.362,1.283,1.384,1.073,1.607,2016
Canada,CAN,1.9,1.849,1.956,1.889,2.0,1.0,2.0,1.0,1.0,1.0,1.524,1.626,1.0,1.0,1.526,1.263,1.0,1.568,1.764,1.0,1.0,1.75,1.0,1.354,1.419,1.258,1.467,1.069,1.566,2017
Canada,CAN,1.8,1.847,1.947,1.889,2.0,1.0,2.5,1.0,1.0,1.0,1.573,2.264,1.0,1.0,1.521,1.26,1.0,1.553,1.611,1.0,1.0,1.75,1.0,1.379,1.472,1.239,1.539,1.069,1.541,2018
Canada,CAN,1.85,1.904,1.938,1.825,2.0,1.0,2.75,1.0,1.0,1.0,1.559,2.476,1.0,1.0,1.531,1.271,1.0,1.543,1.567,1.0,1.0,1.625,1.0,1.39,1.5,1.225,1.578,1.057,1.532,2019
Canada,CAN,1.85,1.888,1.919,1.825,2.0,1.0,3.5,1.0,1.0,1.0,1.505,2.214,1.0,1.0,1.545,1.271,1.0,1.566,1.597,1.0,1.0,1.6,1.0,1.411,1.531,1.229,1.625,1.055,1.537,2020
China,CHN,2.15,1.682,2.5,1.96,2.0,3.0,3.25,2.0,3.125,4.0,1.141,2.647,1.0,1.0,1.626,1.253,1.511,5.0,1.056,1.004,3.0,1.0,1.0,2.127,2.291,1.883,2.415,1.805,2.072,2008
China,CHN,2.15,1.608,2.5,1.96,2.0,3.0,3.25,2.0,2.875,3.5,1.134,2.647,2.064,1.105,1.626,1.251,1.511,5.0,1.053,1.004,3.0,1.0,1.0,2.156,2.339,1.882,2.318,2.03,2.071,2009
China,CHN,2.15,1.555,2.5,1.96,2.0,3.0,3.25,2.0,2.75,4.0,1.115,2.647,2.168,1.211,1.679,1.251,1.511,5.0,1.067,1.004,3.0,1.0,1.0,2.184,2.382,1.887,2.356,2.062,2.077,2010
China,CHN,1.95,1.546,2.5,1.96,2.0,3.0,3.25,2.0,2.75,4.0,1.088,2.647,1.0,1.211,1.626,1.263,1.08,5.0,1.09,1.005,3.0,1.0,1.0,2.089,2.244,1.857,2.338,1.827,2.023,2011
China,CHN,1.9,1.496,2.5,1.952,2.0,3.0,3.25,2.0,2.75,4.0,1.069,2.647,1.0,1.211,1.598,1.263,1.055,5.0,1.099,1.005,3.0,1.0,1.0,2.083,2.236,1.854,2.327,1.827,2.016,2012
China,CHN,1.8,1.442,2.5,1.952,2.0,3.0,3.5,2.0,2.5,4.0,1.067,2.61,1.0,1.211,1.593,1.261,1.055,5.0,1.119,1.005,3.0,1.0,1.0,2.073,2.218,1.856,2.302,1.827,2.018,2013
China,CHN,2.1,1.412,2.5,1.937,2.0,3.0,3.25,2.0,2.5,4.0,1.061,2.6,1.0,1.105,1.593,1.263,1.114,5.0,1.148,1.005,3.0,1.0,1.0,2.072,2.211,1.863,2.301,1.816,2.03,2014
China,CHN,2.1,1.386,2.5,1.937,2.0,3.0,3.5,2.0,2.625,4.0,1.057,3.198,1.0,1.0,1.612,1.255,1.52,5.0,1.151,1.005,3.0,1.05,1.0,2.111,2.255,1.897,2.37,1.81,2.079,2015
China,CHN,2.1,1.363,2.5,1.937,2.0,3.0,3.25,2.0,2.75,4.0,1.06,3.358,1.2,1.053,1.626,1.254,1.275,5.0,1.156,1.005,3.0,1.1,1.0,2.121,2.278,1.885,2.369,1.86,2.053,2016
China,CHN,2.1,1.329,2.5,1.96,2.0,3.0,3.5,2.0,2.75,4.0,1.061,3.095,1.0,1.053,1.626,1.236,1.184,5.0,1.178,1.005,3.0,1.2,1.0,2.111,2.26,1.888,2.374,1.829,2.044,2017
China,CHN,1.8,1.308,2.5,1.944,2.0,3.0,2.5,2.0,2.625,4.0,1.061,2.888,1.24,1.053,1.602,1.219,1.244,5.0,1.179,1.005,3.0,1.25,1.0,2.066,2.182,1.893,2.228,1.882,2.046,2018
China,CHN,1.5,1.283,2.5,1.944,2.0,2.0,2.75,2.0,2.625,4.0,1.068,2.588,1.0,1.053,1.588,1.218,1.036,5.0,1.164,1.005,3.0,1.35,1.0,1.974,2.034,1.884,2.203,1.641,2.018,2019
China,CHN,1.35,1.265,2.5,1.944,2.0,2.0,2.0,2.0,2.625,4.0,1.071,2.211,1.0,1.053,1.588,1.217,1.024,5.0,1.169,1.005,3.0,1.4,1.0,1.931,1.96,1.887,2.1,1.646,2.018,2020
Colombia,COL,3.3,5.0,2.632,2.23,4.0,4.0,1.25,4.0,2.25,4.5,1.151,3.659,2.346,1.053,2.205,1.762,1.858,1.191,1.0,3.711,3.0,1.0,1.08,2.647,3.097,1.971,3.335,2.299,1.913,2008
Colombia,COL,3.5,5.0,2.569,2.23,4.0,4.0,1.25,4.0,2.25,4.0,1.138,3.659,2.233,1.158,2.205,1.852,1.858,1.192,1.0,3.544,3.0,1.0,1.0,2.61,3.057,1.94,3.269,2.271,1.922,2009
Colombia,COL,3.7,5.0,2.667,2.452,4.0,4.0,1.25,4.0,2.25,4.5,1.213,3.659,2.404,1.263,2.142,1.852,1.858,1.193,1.0,3.754,3.0,1.0,1.0,2.681,3.158,1.965,3.398,2.316,1.924,2010
Colombia,COL,3.75,5.0,2.668,2.452,4.0,4.0,1.25,4.0,2.0,4.5,1.285,3.659,2.428,1.316,2.066,1.904,1.519,1.194,1.0,3.998,2.0,1.0,1.0,2.608,3.149,1.797,3.402,2.125,1.89,2011
Colombia,COL,3.65,5.0,2.729,2.921,4.0,4.0,1.25,4.0,2.0,4.5,1.31,3.659,2.207,1.368,2.013,1.905,1.317,1.195,1.0,4.124,2.0,1.0,1.0,2.613,3.157,1.797,3.455,2.086,1.863,2012
Colombia,COL,3.7,5.0,2.761,2.921,4.0,4.0,1.25,4.0,2.0,4.0,1.299,3.714,2.207,1.368,2.009,1.887,1.0,1.196,1.0,4.131,2.0,1.0,1.0,2.583,3.122,1.775,3.407,2.086,1.822,2013
Colombia,COL,3.6,5.0,2.759,2.881,4.0,4.0,1.5,4.0,2.0,3.5,1.315,3.71,2.118,1.316,2.052,1.873,1.0,1.198,1.0,5.0,2.0,1.0,1.0,2.605,3.075,1.9,3.46,2.063,1.828,2014
Colombia,COL,3.7,5.0,2.881,2.881,4.0,4.0,2.25,4.0,1.75,4.0,1.284,3.592,2.135,1.263,2.042,1.969,1.072,1.196,1.0,5.0,2.0,1.0,1.0,2.654,3.15,1.911,3.568,2.061,1.842,2015
Colombia,COL,3.6,5.0,2.6,2.929,4.0,4.0,1.0,4.0,1.75,3.5,1.262,3.579,2.122,1.263,1.961,1.96,1.303,1.19,1.0,5.0,2.0,1.0,1.0,2.571,3.005,1.92,3.369,2.058,1.855,2016
Colombia,COL,3.6,5.0,2.953,2.929,4.0,4.0,2.5,4.0,1.75,3.5,1.223,3.447,2.061,1.263,1.937,1.939,2.944,1.192,1.0,5.0,2.0,1.0,1.0,2.678,3.108,2.033,3.525,2.046,2.039,2017
Colombia,COL,3.9,5.0,2.891,2.897,4.0,4.0,2.75,4.0,1.625,3.0,1.185,3.41,2.084,1.316,1.903,1.926,4.02,1.195,1.006,5.0,2.0,1.0,1.0,2.695,3.086,2.107,3.489,2.056,2.157,2018
Colombia,COL,3.5,5.0,2.869,2.897,4.0,4.0,3.0,4.0,1.25,3.5,1.137,3.561,2.233,1.474,1.884,1.909,2.865,1.196,1.006,5.0,2.0,1.0,1.0,2.678,3.115,2.023,3.498,2.102,2.012,2019
Colombia,COL,3.55,5.0,2.593,2.532,4.0,4.0,3.0,4.0,1.25,3.0,1.094,3.7,2.193,1.474,1.827,1.893,3.244,1.205,1.011,5.0,2.0,1.0,1.04,2.642,3.035,2.053,3.395,2.102,2.045,2020
Costa Rica,CRI,3.45,3.53,2.109,2.698,4.0,1.0,1.0,3.0,1.0,1.0,1.0,1.0,1.0,1.0,1.239,1.0,2.073,1.001,1.0,1.003,2.0,1.0,1.0,1.649,1.902,1.27,1.997,1.201,1.684,2008
Costa Rica,CRI,3.65,3.606,2.083,2.698,4.0,1.0,1.0,3.0,1.0,1.0,1.0,1.0,1.0,1.0,1.239,1.0,2.073,1.001,1.0,1.003,2.0,1.0,1.0,1.66,1.919,1.27,2.021,1.201,1.684,2009
Costa Rica,CRI,3.75,4.153,2.157,3.055,4.0,1.0,1.0,2.5,1.0,2.0,1.0,1.0,1.0,1.0,1.287,1.0,2.073,1.001,1.018,1.003,1.5,1.0,1.0,1.699,2.041,1.187,2.191,1.101,1.693,2010
Costa Rica,CRI,3.9,4.167,2.249,3.055,4.0,1.0,1.0,2.0,1.0,2.0,1.0,1.0,1.0,1.0,1.325,1.0,2.334,1.001,1.018,1.003,3.0,1.0,1.0,1.798,2.015,1.473,2.156,1.403,1.728,2011
Costa Rica,CRI,3.85,4.157,2.28,3.575,4.0,1.0,1.0,2.0,1.0,1.0,1.0,1.0,1.0,1.0,1.349,1.0,1.534,1.001,1.018,1.002,3.0,1.0,1.0,1.744,1.962,1.418,2.081,1.403,1.637,2012
Costa Rica,CRI,3.3,4.028,2.35,3.575,4.0,1.0,1.0,2.0,1.0,2.0,1.0,1.0,1.0,1.0,1.354,1.0,1.534,1.001,1.017,1.002,3.0,1.0,1.0,1.77,2.005,1.419,2.141,1.403,1.637,2013
Costa Rica,CRI,3.45,3.682,2.388,3.929,4.0,1.0,1.0,2.0,1.0,2.0,1.0,1.0,1.0,1.0,1.378,1.0,1.028,1.001,1.017,1.003,3.0,1.0,1.0,1.76,2.01,1.385,2.148,1.403,1.58,2014
Costa Rica,CRI,3.8,3.679,2.401,3.929,4.0,1.0,1.25,2.0,1.0,2.0,1.0,1.0,1.0,1.0,1.387,1.0,1.058,1.001,1.0,1.003,2.0,1.0,1.0,1.712,2.048,1.209,2.202,1.201,1.582,2015
Costa Rica,CRI,3.55,4.001,2.386,3.89,4.0,1.0,1.25,2.0,1.0,2.0,1.0,1.0,1.0,1.0,1.378,1.0,1.035,1.001,1.0,1.003,2.0,1.0,1.0,1.716,2.056,1.207,2.213,1.201,1.578,2016
Costa Rica,CRI,3.55,4.156,2.396,3.89,4.0,1.0,1.5,2.0,1.0,1.0,1.0,1.0,1.0,1.0,1.32,1.0,2.136,1.001,1.0,1.001,2.0,1.0,1.0,1.713,2.002,1.28,2.136,1.201,1.701,2017
Costa Rica,CRI,3.55,4.188,2.382,4.127,4.0,1.0,1.0,2.0,1.0,2.0,1.0,1.0,1.0,1.0,1.306,1.0,2.215,1.001,1.0,1.001,2.0,1.0,1.0,1.756,2.071,1.285,2.233,1.201,1.708,2018
Costa Rica,CRI,3.75,4.227,2.369,4.127,4.0,1.0,2.25,2.0,1.0,1.0,1.0,1.0,1.0,1.0,1.344,1.0,1.759,1.002,1.0,1.001,2.0,1.0,1.0,1.75,2.081,1.255,2.247,1.201,1.66,2019
Costa Rica,CRI,3.55,4.18,2.357,4.127,4.0,1.0,1.75,2.0,1.0,1.0,1.022,1.0,1.0,1.0,1.325,1.0,1.209,1.002,1.0,1.001,2.0,1.0,1.0,1.706,2.033,1.215,2.179,1.201,1.595,2020
Croatia,HRV,2.5,1.857,3.181,1.77,4.0,1.0,1.0,2.0,2.25,2.0,1.167,1.0,1.0,1.0,1.736,1.645,1.393,1.018,1.0,1.79,2.0,1.175,1.0,1.665,1.822,1.43,1.969,1.217,1.761,2008
Croatia,HRV,2.5,1.719,3.372,1.77,4.0,1.0,1.0,2.0,2.75,1.0,1.42,1.0,1.0,1.0,1.736,1.643,1.393,1.018,1.0,1.761,2.5,1.3,1.0,1.685,1.791,1.524,1.907,1.329,1.79,2009
Croatia,HRV,2.5,1.823,3.297,1.873,4.0,1.0,1.0,2.0,2.25,1.0,1.407,1.0,1.0,1.0,1.722,1.643,1.393,1.018,1.0,1.603,2.0,1.425,1.0,1.625,1.759,1.423,1.845,1.24,1.787,2010
Croatia,HRV,2.5,1.568,3.344,1.873,4.0,1.0,1.0,2.0,2.25,1.0,1.44,1.0,1.0,1.0,1.598,1.644,1.503,1.018,1.0,1.522,2.0,1.55,1.0,1.614,1.742,1.42,1.809,1.252,1.79,2011
Croatia,HRV,2.5,1.72,3.423,1.937,4.0,1.0,1.0,2.0,2.25,1.0,1.501,1.0,1.0,1.0,1.588,1.644,1.205,1.018,1.0,1.483,2.0,1.625,1.0,1.62,1.767,1.399,1.835,1.259,1.761,2012
Croatia,HRV,2.3,1.572,3.468,1.937,3.0,1.0,1.0,2.0,2.25,1.0,1.497,1.0,1.0,1.0,1.679,1.659,1.205,1.018,1.0,1.485,2.0,1.625,1.0,1.571,1.681,1.407,1.804,1.259,1.596,2013
Croatia,HRV,2.1,1.598,3.505,1.817,3.0,1.0,1.0,2.0,2.25,1.0,1.163,1.233,1.0,1.0,1.645,1.608,1.151,1.018,1.0,1.387,2.0,1.625,1.0,1.55,1.661,1.383,1.784,1.259,1.54,2014
Croatia,HRV,2.8,1.542,3.445,1.817,3.0,1.0,1.0,2.0,2.0,1.0,1.239,1.133,1.0,1.0,1.607,1.596,2.014,1.021,1.0,1.314,2.0,1.625,1.0,1.577,1.675,1.431,1.79,1.259,1.646,2015
Croatia,HRV,2.25,1.426,3.437,1.635,3.0,1.0,1.0,2.0,2.0,1.0,1.245,1.072,1.0,1.0,1.607,1.601,2.339,1.022,1.0,1.264,2.0,1.625,1.0,1.548,1.616,1.447,1.702,1.259,1.685,2016
Croatia,HRV,2.25,1.442,3.472,1.635,3.0,1.0,1.25,1.5,1.875,1.0,1.254,1.035,1.0,1.0,1.564,1.575,1.841,1.026,1.0,1.209,3.0,1.5,1.0,1.576,1.582,1.566,1.647,1.448,1.62,2017
Croatia,HRV,2.5,1.532,3.47,1.619,3.0,1.0,1.75,1.0,1.75,1.0,1.241,1.018,1.0,1.0,1.578,1.583,1.846,1.026,1.02,1.201,3.0,1.375,1.0,1.573,1.582,1.559,1.647,1.437,1.626,2018
Croatia,HRV,2.0,1.564,3.512,1.619,3.0,1.0,1.75,1.0,1.75,1.5,1.254,1.0,1.0,1.0,1.736,1.574,1.284,1.026,1.02,1.198,3.0,1.25,1.0,1.566,1.597,1.519,1.667,1.426,1.579,2019
Croatia,HRV,2.1,1.298,3.509,1.69,3.0,1.0,1.75,1.0,1.75,1.0,1.18,1.0,1.0,1.0,1.798,1.579,1.19,1.026,1.02,1.197,3.0,1.125,1.0,1.527,1.54,1.507,1.592,1.414,1.567,2020
Cyprus,CYP,2.55,1.712,3.442,1.833,2.0,2.0,1.0,2.0,1.375,2.0,2.005,1.169,1.0,1.0,1.918,2.967,1.968,1.014,1.0,5.0,3.0,1.0,1.0,1.946,1.782,2.193,2.269,1.604,1.75,2008
Cyprus,CYP,2.55,1.606,3.433,1.833,2.0,2.0,1.0,2.0,1.5,2.0,1.912,1.169,1.0,1.0,1.918,2.907,1.968,1.015,1.0,5.0,3.0,1.0,1.0,1.943,1.779,2.189,2.271,1.604,1.733,2009
Cyprus,CYP,2.55,1.413,3.456,1.857,2.0,2.0,1.0,2.0,1.5,1.5,1.698,1.169,1.0,1.0,1.966,2.907,1.968,1.016,1.0,5.0,3.0,1.0,1.0,1.906,1.714,2.193,2.194,1.604,1.713,2010
Cyprus,CYP,2.6,1.856,3.413,1.857,2.0,2.0,1.0,2.0,1.5,1.5,2.005,1.169,1.0,1.0,1.889,2.85,1.581,1.016,1.0,5.0,3.0,1.0,1.0,1.921,1.765,2.156,2.246,1.604,1.688,2011
Cyprus,CYP,2.4,1.354,3.362,1.857,2.0,2.0,1.0,2.0,1.5,1.5,2.218,1.169,1.0,1.0,1.884,3.226,1.387,1.017,1.0,5.0,3.0,1.0,1.0,1.897,1.716,2.169,2.165,1.604,1.734,2012
Cyprus,CYP,2.55,1.393,3.316,1.857,2.0,2.0,1.0,2.0,1.625,1.5,2.08,1.093,1.0,1.0,1.86,3.204,1.0,1.018,1.0,5.0,3.0,1.0,1.0,1.892,1.727,2.138,2.189,1.604,1.667,2013
Cyprus,CYP,2.65,1.944,3.258,1.635,2.0,2.0,1.75,2.0,1.75,2.0,2.063,1.049,1.0,1.0,1.918,3.121,1.065,1.018,1.0,5.0,3.0,1.0,1.0,1.972,1.86,2.141,2.375,1.604,1.67,2014
Cyprus,CYP,2.55,1.507,3.12,1.635,2.0,2.0,1.75,2.0,1.5,1.0,2.047,1.024,1.0,1.0,1.87,2.517,1.512,1.019,1.0,5.0,3.0,1.0,1.0,1.871,1.701,2.126,2.154,1.604,1.644,2015
Cyprus,CYP,2.45,1.458,3.066,1.619,2.0,2.0,2.25,2.0,1.5,2.0,1.533,1.012,1.0,1.0,1.789,2.495,1.281,1.019,1.0,5.0,3.0,1.0,1.0,1.909,1.78,2.103,2.294,1.604,1.544,2016
Cyprus,CYP,2.15,1.615,3.018,1.619,2.0,2.0,2.25,2.0,1.5,2.0,1.067,1.169,1.0,1.0,1.76,2.474,1.394,1.019,1.0,5.0,3.0,1.0,1.0,1.898,1.758,2.107,2.291,1.604,1.497,2017
Cyprus,CYP,2.05,1.526,2.964,1.571,2.0,2.0,1.5,2.0,1.5,1.0,1.331,1.288,1.0,1.0,1.827,2.817,1.312,1.019,1.0,5.0,3.0,1.0,1.0,1.826,1.622,2.13,2.086,1.604,1.566,2018
Cyprus,CYP,2.3,1.279,2.994,1.571,2.0,2.0,1.75,2.0,1.5,1.5,1.326,1.169,1.0,1.0,1.803,2.794,1.083,1.019,1.0,5.0,3.0,1.0,1.0,1.847,1.672,2.111,2.156,1.604,1.533,2019
Cyprus,CYP,2.3,1.59,2.939,1.579,2.0,2.0,1.75,2.0,1.5,2.0,1.527,1.092,1.0,1.0,1.741,2.772,1.0,1.019,1.0,5.0,3.0,1.0,1.0,1.885,1.742,2.099,2.243,1.604,1.537,2020
Czechia,CZE,2.85,1.631,3.22,2.556,1.0,1.0,1.0,2.0,1.25,1.5,2.011,1.0,1.0,1.0,1.641,1.335,1.28,1.106,1.57,1.004,1.0,1.6,1.0,1.442,1.598,1.209,1.777,1.055,1.386,2008
Czechia,CZE,2.85,1.61,3.133,2.556,1.0,1.0,1.0,2.0,1.5,1.5,1.915,1.0,1.0,1.0,1.641,1.357,1.28,1.104,1.487,1.004,1.0,1.85,1.0,1.453,1.607,1.222,1.796,1.078,1.362,2009
Czechia,CZE,2.75,1.549,3.059,2.659,1.0,1.0,1.0,2.0,1.25,1.0,1.911,1.0,1.0,1.0,1.679,1.357,1.28,1.102,1.542,1.003,1.0,2.15,1.0,1.423,1.535,1.255,1.694,1.106,1.376,2010
Czechia,CZE,2.8,1.451,3.094,2.659,1.0,1.0,1.0,2.0,1.25,1.0,1.131,1.0,1.0,1.0,1.578,1.343,1.361,1.099,1.366,1.003,1.0,2.1,1.0,1.391,1.499,1.229,1.69,1.101,1.248,2011
Czechia,CZE,2.75,1.492,2.97,2.706,1.0,2.0,1.0,2.0,1.25,1.0,1.162,1.0,1.0,1.0,1.521,1.36,1.24,1.097,1.28,1.002,1.0,2.1,1.0,1.444,1.601,1.208,1.684,1.302,1.217,2012
Czechia,CZE,2.75,1.41,2.86,2.706,1.0,2.0,1.0,2.0,1.25,1.0,1.175,1.0,1.0,1.0,1.507,1.346,1.191,1.095,1.212,1.002,1.0,1.975,1.0,1.427,1.587,1.185,1.665,1.291,1.198,2013
Czechia,CZE,2.55,1.5,2.826,2.405,1.0,2.0,1.25,2.0,1.25,1.0,1.16,1.0,1.0,1.0,1.483,1.346,1.018,1.093,1.23,1.003,1.0,1.85,1.0,1.411,1.576,1.163,1.65,1.279,1.176,2014
Czechia,CZE,2.7,1.428,2.843,2.405,1.0,2.0,1.75,1.5,1.5,1.0,1.152,1.0,1.0,1.0,1.459,1.25,1.169,1.089,1.235,1.004,1.0,1.675,1.0,1.415,1.591,1.151,1.671,1.263,1.178,2015
Czechia,CZE,2.4,1.385,2.872,2.683,1.0,1.0,1.25,1.0,1.5,1.0,1.137,1.288,1.0,1.0,1.449,1.313,1.101,1.083,1.612,1.004,1.0,1.625,1.0,1.327,1.421,1.186,1.581,1.057,1.24,2016
Czechia,CZE,2.15,1.418,2.871,2.683,1.0,1.0,2.0,1.0,1.5,1.0,1.045,1.288,1.0,1.0,1.473,1.317,1.068,1.083,1.978,1.004,1.0,1.6,1.0,1.359,1.451,1.222,1.629,1.055,1.293,2017
Czechia,CZE,2.25,1.308,2.896,2.611,1.0,1.0,1.25,1.0,1.5,1.0,1.018,1.38,1.0,1.0,1.483,1.321,1.128,1.083,2.188,1.004,1.0,1.525,1.0,1.338,1.401,1.244,1.56,1.048,1.336,2018
Czechia,CZE,2.2,1.313,2.91,2.611,1.0,1.0,2.25,1.0,1.5,1.0,1.009,1.231,1.0,1.0,1.516,1.32,1.036,1.076,2.318,1.004,1.0,1.5,1.0,1.373,1.455,1.25,1.637,1.046,1.35,2019
Czechia,CZE,2.2,1.313,2.898,2.429,1.0,1.0,2.5,1.0,1.5,1.0,1.01,1.13,1.0,1.0,1.54,1.32,1.024,1.078,2.3,1.004,1.0,1.475,1.0,1.372,1.454,1.248,1.636,1.044,1.348,2020
Denmark,DNK,1.6,1.442,2.008,1.508,2.0,1.0,1.0,1.0,1.0,1.0,2.557,1.169,1.0,1.0,1.598,1.714,1.224,1.137,1.065,1.0,1.0,1.825,1.0,1.262,1.306,1.197,1.249,1.076,1.576,2008
Denmark,DNK,1.85,1.44,1.991,1.508,2.0,1.0,1.0,1.0,1.0,1.0,2.666,1.169,1.0,1.0,1.598,1.832,1.224,1.161,1.094,1.0,1.0,2.025,1.0,1.286,1.325,1.227,1.269,1.094,1.612,2009
Denmark,DNK,1.8,1.437,1.977,1.563,2.0,1.0,1.0,1.0,1.0,1.5,2.412,1.169,1.0,1.0,1.641,1.832,1.224,1.186,1.143,1.0,1.0,2.05,1.0,1.309,1.356,1.24,1.327,1.096,1.6,2010
Denmark,DNK,1.9,1.434,1.982,1.563,1.0,1.0,1.0,1.0,1.0,1.5,2.171,1.169,1.0,1.0,1.669,1.517,1.383,1.21,1.181,1.0,1.0,2.05,1.0,1.268,1.289,1.237,1.336,1.096,1.391,2011
Denmark,DNK,1.85,1.379,1.999,1.563,1.0,1.0,1.0,1.0,1.0,1.0,1.973,1.169,1.0,1.0,1.626,1.517,1.297,1.234,1.283,1.0,1.0,1.875,1.0,1.23,1.232,1.227,1.267,1.08,1.375,2012
Denmark,DNK,1.8,1.413,1.975,1.563,1.0,1.0,1.0,1.0,1.0,1.0,1.895,1.093,1.0,1.0,1.645,1.433,1.248,1.258,1.379,1.0,1.0,1.75,1.0,1.223,1.224,1.222,1.26,1.069,1.374,2013
Denmark,DNK,1.85,1.42,1.965,1.532,1.0,1.0,1.0,1.0,1.0,1.0,1.736,1.046,1.0,1.0,1.583,1.46,1.041,1.282,1.377,1.0,1.0,1.625,1.0,1.209,1.216,1.197,1.259,1.057,1.33,2014
Denmark,DNK,1.85,1.428,1.957,1.532,1.0,1.0,1.0,1.0,1.0,1.0,1.835,1.024,1.0,1.0,1.55,1.463,1.0,1.281,1.419,1.0,1.0,1.625,1.0,1.21,1.22,1.196,1.258,1.057,1.341,2015
Denmark,DNK,1.65,1.656,1.938,1.476,1.0,1.0,1.5,1.0,1.0,1.0,1.878,1.754,1.0,1.0,1.531,1.46,1.0,1.204,1.483,1.0,1.0,1.75,1.0,1.253,1.286,1.203,1.348,1.069,1.341,2016
Denmark,DNK,1.8,1.546,1.927,1.476,1.0,1.0,1.25,1.0,1.125,1.0,2.105,1.532,1.0,1.0,1.55,1.44,1.0,1.204,1.455,1.0,2.0,1.85,1.0,1.322,1.28,1.385,1.327,1.279,1.363,2017
Denmark,DNK,1.8,1.489,1.927,1.516,1.0,1.0,1.75,1.0,1.0,1.0,1.978,1.348,1.0,1.0,1.545,1.424,1.06,1.207,1.391,1.0,2.0,1.9,1.0,1.326,1.286,1.386,1.342,1.284,1.342,2018
Denmark,DNK,1.6,1.616,1.939,1.516,1.0,1.0,1.0,1.0,1.0,1.0,2.019,1.309,1.0,1.0,1.612,1.38,1.036,1.205,1.469,1.0,2.0,1.875,1.0,1.299,1.237,1.392,1.272,1.282,1.36,2019
Denmark,DNK,1.6,1.5,1.954,1.556,1.0,1.0,2.25,1.0,1.0,1.0,1.711,1.184,1.0,1.0,1.631,1.379,1.024,1.244,1.388,1.0,2.0,1.85,1.0,1.329,1.292,1.386,1.366,1.279,1.317,2020
Dominican Republic,DOM,3.5,5.0,2.571,2.349,3.0,1.0,1.5,3.0,2.5,3.0,1.069,1.0,1.0,1.0,1.277,1.626,4.999,1.01,1.0,1.001,2.0,1.125,1.0,1.995,2.301,1.535,2.64,1.213,1.94,2008
Dominican Republic,DOM,3.9,5.0,2.552,2.349,3.0,1.0,1.5,3.0,2.5,3.0,1.055,1.0,1.0,1.0,1.277,1.802,4.999,1.01,1.0,1.001,2.0,1.125,1.0,2.014,2.325,1.547,2.674,1.213,1.959,2009
Dominican Republic,DOM,4.05,5.0,2.533,2.651,3.0,1.0,1.5,3.0,2.75,4.0,1.017,1.0,1.0,1.0,1.315,1.802,4.999,1.01,1.0,1.001,2.0,1.125,1.0,2.093,2.456,1.55,2.859,1.213,1.959,2010
Dominican Republic,DOM,4.05,5.0,2.514,2.651,3.0,1.5,1.5,3.0,2.5,4.0,1.086,1.0,1.0,1.0,1.296,1.389,5.0,1.01,1.0,1.001,2.0,1.0,1.0,2.097,2.489,1.509,2.828,1.302,1.916,2011
Dominican Republic,DOM,4.1,5.0,2.495,2.865,3.0,1.5,1.5,3.0,2.5,3.5,1.101,1.0,1.0,1.0,1.282,1.389,4.201,1.01,1.0,1.001,2.0,1.0,1.0,2.059,2.463,1.452,2.791,1.302,1.822,2012
Dominican Republic,DOM,4.0,5.0,2.476,2.865,3.0,2.0,1.5,3.0,2.375,3.5,1.1,1.0,1.0,1.0,1.287,1.392,3.401,1.01,1.0,1.001,2.0,1.0,1.0,2.057,2.498,1.396,2.766,1.403,1.729,2013
Dominican Republic,DOM,4.0,5.0,2.68,2.913,3.0,2.0,1.5,3.0,2.125,3.0,1.099,1.0,1.0,1.0,1.282,1.712,4.182,1.01,1.0,1.001,2.0,1.0,1.0,2.06,2.45,1.473,2.7,1.403,1.858,2014
Dominican Republic,DOM,4.05,4.94,2.66,2.913,3.0,2.0,1.25,3.0,2.0,3.0,1.084,1.0,1.0,1.0,1.282,1.678,4.179,1.01,1.0,1.001,2.0,1.0,1.0,2.04,2.42,1.471,2.658,1.403,1.852,2015
Dominican Republic,DOM,4.15,4.755,2.705,2.889,3.0,2.0,1.25,3.0,2.0,3.0,1.017,1.0,1.0,1.0,1.296,1.816,4.456,1.01,1.0,1.001,2.0,1.0,1.0,2.046,2.41,1.501,2.647,1.403,1.894,2016
Dominican Republic,DOM,4.25,4.735,2.686,2.889,3.0,2.0,1.25,3.0,2.0,3.0,1.001,1.0,1.0,1.0,1.287,1.807,4.416,1.01,1.0,1.001,2.0,1.0,1.0,2.046,2.412,1.497,2.652,1.403,1.885,2017
Dominican Republic,DOM,4.2,4.532,2.667,2.889,3.0,2.0,2.0,3.0,2.0,3.0,1.001,1.0,1.0,1.0,1.296,1.799,3.113,1.01,1.01,1.001,2.0,1.0,1.0,2.025,2.438,1.406,2.688,1.403,1.734,2018
Dominican Republic,DOM,4.05,4.14,2.649,2.889,3.0,2.0,2.75,3.0,2.0,3.0,1.001,1.0,1.0,1.0,1.335,1.79,2.473,1.01,1.01,1.001,2.0,1.0,1.0,2.01,2.442,1.363,2.693,1.403,1.662,2019
Dominican Republic,DOM,4.0,3.976,2.631,2.968,3.0,2.0,2.5,3.0,2.0,3.0,1.001,1.0,1.0,1.0,1.33,1.782,1.506,1.01,1.01,1.002,2.0,1.0,1.0,1.965,2.413,1.294,2.653,1.403,1.547,2020
Ecuador,ECU,3.8,4.353,2.371,1.659,3.0,3.0,1.0,3.0,3.875,3.0,1.085,1.049,1.0,1.0,1.865,1.594,2.695,1.116,1.0,1.003,3.0,1.0,1.0,2.14,2.507,1.589,2.633,1.805,1.755,2008
Ecuador,ECU,3.7,4.586,2.348,1.659,3.0,3.0,1.0,3.0,4.125,3.0,1.18,1.049,2.0,1.053,1.865,1.638,2.695,1.116,1.0,1.002,3.0,1.0,1.0,2.228,2.652,1.592,2.679,2.012,1.771,2009
Ecuador,ECU,4.05,4.789,2.325,1.627,3.5,3.0,1.0,3.0,3.75,2.5,1.249,1.049,1.0,1.053,2.018,1.638,2.695,1.116,1.0,1.002,2.5,1.0,1.0,2.132,2.543,1.515,2.626,1.71,1.885,2010
Ecuador,ECU,3.9,4.771,2.243,1.627,3.5,3.0,1.0,3.0,3.5,2.5,1.292,1.049,1.0,1.053,2.171,1.612,1.854,1.116,1.0,1.002,2.0,1.0,1.0,2.055,2.508,1.376,2.574,1.609,1.806,2011
Ecuador,ECU,3.5,4.74,2.221,2.071,3.5,3.0,1.0,3.0,3.5,2.0,1.307,1.049,1.0,1.053,2.028,1.612,2.261,1.116,1.0,1.002,2.0,1.0,1.0,2.037,2.465,1.395,2.513,1.609,1.839,2012
Ecuador,ECU,3.55,4.529,2.252,2.071,3.0,3.0,1.0,3.0,3.375,2.5,1.378,1.024,1.0,1.053,1.899,1.592,1.838,1.116,1.0,1.002,2.0,1.0,1.0,2.014,2.454,1.354,2.538,1.609,1.692,2013
Ecuador,ECU,3.45,4.234,2.3,2.286,3.0,3.0,1.0,3.0,3.0,2.5,1.293,1.177,1.0,1.0,1.913,1.584,1.335,1.116,1.0,1.001,2.0,1.0,1.0,1.973,2.408,1.319,2.482,1.604,1.623,2014
Ecuador,ECU,3.15,4.091,2.281,2.286,3.0,3.0,1.75,3.0,2.625,2.0,1.271,1.093,1.0,1.0,1.884,1.55,1.828,1.143,1.01,1.002,2.0,1.0,1.0,1.949,2.346,1.353,2.396,1.604,1.678,2015
Ecuador,ECU,3.35,3.542,2.359,2.27,3.0,3.0,2.25,3.0,2.375,2.0,1.213,1.202,1.0,1.0,1.942,1.376,1.672,1.115,1.01,1.002,2.0,1.0,1.0,1.93,2.329,1.331,2.376,1.604,1.634,2016
Ecuador,ECU,3.3,3.114,2.34,2.27,3.0,2.0,1.25,3.0,2.5,2.5,1.174,1.112,1.0,1.0,1.765,1.371,1.437,1.116,1.01,1.002,2.0,1.0,1.0,1.821,2.167,1.302,2.299,1.403,1.581,2017
Ecuador,ECU,3.3,2.952,2.321,2.762,3.0,2.0,1.25,3.0,2.5,2.5,1.115,1.06,1.0,1.0,1.77,1.365,2.69,1.145,1.01,1.002,2.0,1.0,1.0,1.865,2.179,1.393,2.319,1.403,1.726,2018
Ecuador,ECU,3.35,2.947,2.301,2.762,3.0,2.0,2.75,3.0,2.375,2.0,1.109,2.304,1.0,1.0,1.755,1.359,3.495,1.146,1.013,1.003,2.0,1.0,1.0,1.944,2.274,1.449,2.453,1.403,1.818,2019
Ecuador,ECU,3.6,2.958,2.278,2.69,3.0,3.0,2.75,3.0,2.5,2.0,1.065,2.126,1.08,1.053,1.707,1.353,4.372,1.144,1.003,1.003,2.0,1.0,1.0,2.044,2.403,1.506,2.472,1.625,1.908,2020
Estonia,EST,2.8,4.054,2.202,3.047,2.0,1.0,1.0,2.0,1.25,1.0,1.753,1.487,1.0,1.0,1.903,1.514,1.587,1.002,1.0,1.006,3.0,1.55,1.0,1.694,1.796,1.541,1.981,1.453,1.501,2008
Estonia,EST,2.7,3.29,2.211,3.047,2.0,1.0,1.0,2.0,1.5,2.0,1.9,1.487,1.0,1.0,1.903,1.567,1.587,1.002,1.0,1.006,3.0,1.8,1.0,1.728,1.837,1.565,2.03,1.476,1.525,2009
Estonia,EST,2.75,3.108,2.203,3.118,2.0,1.0,1.0,2.0,1.5,1.5,2.222,1.487,1.0,1.0,2.128,1.567,1.587,1.002,1.0,1.006,3.0,2.05,1.0,1.72,1.8,1.601,1.96,1.499,1.589,2010
Estonia,EST,2.75,2.811,2.193,3.118,2.0,1.0,1.0,2.0,1.5,1.0,2.09,1.487,1.0,1.0,1.808,1.569,1.359,1.003,1.0,1.006,3.0,2.175,1.0,1.665,1.727,1.572,1.865,1.51,1.509,2011
Estonia,EST,2.8,2.814,2.709,3.039,2.0,1.0,1.0,2.0,1.5,1.0,2.062,1.487,1.0,1.0,1.798,1.683,1.45,1.003,1.0,1.006,3.0,2.125,1.0,1.687,1.757,1.582,1.909,1.506,1.529,2012
Estonia,EST,2.4,2.724,2.689,3.039,2.0,1.0,1.0,2.0,1.5,1.0,1.899,1.313,1.0,1.0,1.899,1.681,1.254,1.003,1.0,1.011,3.0,2.0,1.0,1.652,1.709,1.566,1.851,1.494,1.499,2013
Estonia,EST,2.35,2.691,2.672,2.825,2.0,1.0,1.0,2.0,1.5,1.0,1.797,1.186,1.0,1.0,1.903,1.709,1.159,1.004,1.0,1.009,2.0,1.875,1.0,1.557,1.679,1.374,1.815,1.282,1.479,2014
Estonia,EST,2.35,2.486,2.601,2.825,2.0,1.0,1.0,2.0,1.625,1.0,1.379,1.096,1.0,1.0,1.903,1.665,1.405,1.004,1.0,1.009,3.0,1.8,1.0,1.611,1.646,1.559,1.794,1.476,1.454,2015
Estonia,EST,2.4,2.28,2.555,2.619,2.0,1.0,1.0,2.0,1.75,1.0,1.431,1.051,1.0,1.0,1.956,1.665,1.245,1.004,1.021,1.008,3.0,1.725,1.0,1.595,1.627,1.548,1.764,1.469,1.451,2016
Estonia,EST,2.15,2.356,2.489,2.619,2.0,1.0,1.0,2.0,1.75,1.0,1.756,1.0,1.0,1.0,1.97,1.739,1.148,1.004,1.021,1.008,3.0,1.7,1.0,1.593,1.625,1.545,1.742,1.467,1.488,2017
Estonia,EST,2.0,2.127,2.493,2.516,2.0,1.0,1.0,2.0,1.75,1.0,2.112,1.0,1.0,1.0,1.946,1.773,1.635,1.004,1.021,1.007,3.0,1.625,1.0,1.592,1.605,1.574,1.693,1.46,1.589,2018
Estonia,EST,1.85,2.05,2.478,2.516,2.0,1.0,1.0,2.0,1.75,1.0,2.119,1.0,1.0,1.0,1.985,1.759,1.292,1.004,1.021,1.007,3.0,1.6,1.0,1.573,1.588,1.55,1.669,1.458,1.552,2019
Estonia,EST,1.9,2.03,2.472,2.46,2.0,1.0,1.75,2.0,1.75,1.0,2.302,1.0,1.0,1.0,2.033,1.767,1.195,1.004,1.02,1.007,3.0,1.525,1.0,1.601,1.641,1.541,1.732,1.451,1.569,2020
Finland,FIN,1.95,2.065,1.789,1.524,2.0,1.0,1.25,1.0,1.0,1.0,2.762,1.035,1.0,1.0,1.598,1.833,1.221,1.151,2.443,1.0,1.0,1.125,1.0,1.35,1.387,1.296,1.349,1.011,1.859,2008
Finland,FIN,1.95,2.11,1.771,1.524,2.0,1.0,1.25,1.0,1.0,1.0,2.473,1.035,1.0,1.0,1.598,1.833,1.221,1.153,2.753,1.0,1.0,1.25,1.0,1.362,1.377,1.339,1.353,1.023,1.881,2009
Finland,FIN,1.95,2.126,1.767,1.484,2.0,1.0,1.25,1.0,1.0,1.0,2.388,1.035,1.0,1.0,1.731,1.833,1.221,1.155,2.928,1.0,1.0,1.375,1.0,1.374,1.372,1.377,1.351,1.034,1.917,2010
Finland,FIN,1.85,2.062,1.772,1.484,2.0,1.0,1.25,1.0,1.0,1.0,2.255,1.035,1.0,1.0,1.688,1.623,1.363,1.157,3.061,1.0,1.0,1.5,1.0,1.371,1.355,1.394,1.335,1.046,1.912,2011
Finland,FIN,1.95,2.05,1.755,1.476,2.0,1.0,1.25,1.0,1.0,1.0,2.065,1.035,1.0,1.0,1.693,1.623,1.252,1.159,2.764,1.0,1.0,1.625,1.0,1.357,1.351,1.365,1.34,1.057,1.826,2012
Finland,FIN,2.0,2.01,1.754,1.476,2.0,1.0,1.25,1.0,1.0,1.0,1.924,1.018,1.0,1.0,1.674,1.621,1.203,1.161,2.951,1.0,1.0,1.625,1.0,1.359,1.344,1.38,1.339,1.057,1.834,2013
Finland,FIN,1.8,1.822,1.737,1.452,2.0,1.0,1.25,1.0,1.0,1.0,2.225,1.0,1.0,1.0,1.674,1.616,1.028,1.163,2.803,1.0,1.0,1.625,1.0,1.336,1.325,1.352,1.294,1.057,1.823,2014
Finland,FIN,1.85,1.818,1.706,1.452,2.0,1.0,1.25,1.0,1.125,1.0,2.587,1.0,1.0,1.0,1.707,1.618,1.0,1.164,2.954,1.0,1.0,1.675,1.0,1.36,1.352,1.373,1.31,1.062,1.893,2015
Finland,FIN,1.6,1.805,1.702,1.452,2.0,1.0,1.0,1.0,1.375,1.0,3.147,1.0,1.0,1.0,1.693,1.616,1.0,1.164,2.75,1.0,1.0,1.725,1.0,1.36,1.363,1.354,1.294,1.067,1.921,2016
Finland,FIN,1.8,1.748,1.702,1.452,2.0,1.0,1.25,1.0,1.25,1.0,3.271,1.0,1.0,1.0,1.693,1.614,1.0,1.165,2.695,1.0,2.0,1.7,1.0,1.438,1.382,1.523,1.312,1.266,1.926,2017
Finland,FIN,1.6,1.674,1.685,1.421,2.0,1.0,2.0,1.0,1.0,1.0,3.166,1.77,1.0,1.0,1.669,1.612,1.027,1.164,2.341,1.0,2.0,1.625,1.0,1.44,1.414,1.479,1.363,1.259,1.851,2018
Finland,FIN,1.55,1.608,1.66,1.421,2.0,1.0,1.25,1.0,1.0,1.0,2.732,1.546,1.0,1.0,1.655,1.612,1.016,1.164,2.192,1.0,2.0,1.6,1.0,1.381,1.329,1.46,1.27,1.256,1.77,2019
Finland,FIN,1.7,1.797,1.663,1.405,2.0,1.0,2.0,1.0,1.0,1.0,2.49,1.359,1.0,1.0,1.703,1.611,1.011,1.164,1.846,1.0,2.0,1.525,1.0,1.397,1.382,1.42,1.359,1.249,1.686,2020
France,FRA,2.3,1.708,2.579,1.762,2.0,1.0,1.0,1.0,1.0,2.0,1.065,2.11,1.08,1.0,1.975,1.638,1.636,5.0,4.796,1.0,1.0,1.8,1.0,1.717,1.494,2.051,1.587,1.09,2.824,2008
France,FRA,2.25,1.796,2.567,1.762,2.0,1.0,1.0,1.0,1.25,2.0,1.053,2.11,1.0,1.0,1.975,1.613,1.636,5.0,5.0,1.0,1.0,1.925,1.0,1.738,1.51,2.081,1.622,1.085,2.856,2009
France,FRA,2.55,1.813,2.546,1.762,2.0,1.0,1.0,1.0,1.0,1.5,1.048,2.11,1.0,1.0,2.013,1.613,1.636,5.0,4.866,1.0,1.0,1.95,1.0,1.708,1.466,2.071,1.56,1.087,2.836,2010
France,FRA,2.55,1.649,2.515,1.786,2.0,1.0,1.0,1.0,1.0,1.5,1.07,2.11,1.0,1.0,1.942,1.574,1.253,5.0,4.529,1.0,1.0,2.025,1.0,1.674,1.452,2.006,1.54,1.094,2.722,2011
France,FRA,2.55,1.628,2.481,1.786,2.0,1.0,1.0,1.5,1.125,1.5,1.064,2.11,1.0,1.0,1.889,1.574,1.196,5.0,4.778,1.0,1.0,2.225,1.0,1.717,1.501,2.041,1.608,1.112,2.752,2012
France,FRA,2.3,1.672,2.448,1.786,2.0,1.0,1.75,2.0,1.0,1.5,1.066,2.314,1.16,1.0,1.894,1.547,1.196,5.0,4.421,1.0,1.0,2.025,1.0,1.749,1.591,1.986,1.711,1.126,2.686,2013
France,FRA,2.3,1.612,2.448,1.905,2.0,1.0,3.0,2.0,1.0,1.5,1.087,2.065,1.0,1.0,1.889,1.525,1.078,5.0,4.41,1.0,1.0,2.025,1.0,1.777,1.646,1.974,1.81,1.094,2.67,2014
France,FRA,2.3,1.603,2.437,1.905,2.0,1.0,3.5,2.0,1.375,1.0,1.075,2.034,1.0,1.0,1.87,1.512,1.06,5.0,4.358,1.0,1.0,2.075,1.0,1.786,1.663,1.969,1.835,1.099,2.653,2015
France,FRA,2.35,1.612,2.621,1.873,2.0,1.0,2.25,2.0,1.5,1.5,1.06,3.375,2.111,1.421,1.913,1.489,1.036,5.0,4.911,1.0,1.0,2.4,1.0,1.929,1.846,2.054,1.896,1.396,2.749,2016
France,FRA,2.5,1.78,2.652,1.873,2.0,1.0,3.25,2.0,1.75,1.5,1.06,3.457,2.064,1.632,1.903,1.474,1.024,5.0,4.936,1.0,1.0,2.325,1.0,1.998,1.965,2.048,2.055,1.401,2.749,2017
France,FRA,2.25,1.598,2.641,1.905,2.0,1.0,3.25,2.0,1.625,1.5,1.059,3.229,1.08,1.842,1.899,1.472,1.024,5.0,5.0,1.0,1.0,2.325,1.0,1.916,1.823,2.054,1.985,1.224,2.759,2018
France,FRA,2.25,1.544,2.649,1.905,2.0,1.0,3.25,2.0,1.5,1.0,1.079,3.058,1.52,2.105,1.913,1.473,1.042,5.0,5.0,1.0,1.0,2.65,1.0,1.926,1.821,2.083,1.896,1.37,2.766,2019
France,FRA,2.2,1.531,2.648,1.944,2.0,1.0,3.75,2.0,1.5,2.0,1.097,2.877,1.0,2.105,1.913,1.471,1.025,5.0,5.0,1.0,1.0,2.975,1.0,1.967,1.873,2.108,2.044,1.295,2.765,2020
Georgia,GEO,2.4,3.521,1.692,4.373,4.0,5.0,1.75,3.0,3.375,3.0,2.366,2.097,1.0,1.0,4.768,1.725,2.069,1.028,1.11,3.371,5.0,1.375,1.0,2.704,2.854,2.481,2.938,2.645,2.369,2008
Georgia,GEO,1.8,3.579,2.042,4.373,4.0,5.0,1.75,3.0,3.375,3.0,2.834,2.097,2.611,1.053,4.768,1.725,2.069,1.028,1.11,3.868,5.0,1.5,1.0,2.845,3.035,2.561,2.982,2.986,2.424,2009
Georgia,GEO,1.85,3.168,2.087,5.0,4.0,5.0,1.75,3.0,4.25,3.5,2.845,2.097,1.0,1.053,3.433,1.725,2.069,1.027,1.0,4.096,5.0,1.75,1.0,2.798,2.992,2.507,3.186,2.685,2.249,2010
Georgia,GEO,1.5,2.84,2.183,5.0,4.0,4.0,1.75,3.0,3.5,2.5,2.519,2.097,1.12,1.053,2.439,1.726,1.2,1.027,1.0,4.137,4.0,1.75,1.0,2.499,2.695,2.205,2.924,2.306,1.991,2011
Georgia,GEO,1.3,2.7,2.204,4.421,4.0,4.0,1.75,3.0,3.5,2.5,2.19,2.097,1.0,1.053,2.3,1.719,1.166,1.027,1.0,3.424,4.0,1.75,1.0,2.402,2.609,2.091,2.756,2.282,1.931,2012
Georgia,GEO,1.4,2.708,2.212,4.421,4.0,4.0,1.0,3.0,3.0,2.5,1.619,2.281,1.0,1.053,2.114,1.71,1.058,1.027,1.0,3.485,4.0,1.75,1.0,2.338,2.511,2.078,2.66,2.282,1.828,2013
Georgia,GEO,1.75,2.718,2.222,3.22,4.0,3.0,1.5,3.0,2.5,2.5,1.163,2.052,1.0,1.0,2.085,1.706,1.249,1.026,1.0,3.291,3.0,1.75,1.0,2.141,2.312,1.885,2.536,1.874,1.793,2014
Georgia,GEO,1.85,2.727,2.231,3.22,4.0,3.0,1.25,2.0,2.125,2.0,1.029,1.773,1.0,1.0,2.004,1.827,1.141,1.026,1.0,3.344,3.0,1.625,1.0,2.028,2.128,1.878,2.294,1.863,1.769,2015
Georgia,GEO,2.05,2.732,2.269,2.992,4.0,3.0,1.25,2.0,2.375,2.0,1.029,1.503,1.0,1.0,1.942,1.828,1.094,1.026,1.0,3.393,3.0,1.625,1.0,2.034,2.139,1.877,2.314,1.863,1.757,2016
Georgia,GEO,2.0,2.733,2.269,2.992,4.0,3.0,1.5,2.0,2.5,2.0,1.022,1.562,1.0,1.0,1.989,1.828,1.0,1.024,1.043,3.438,3.0,1.5,1.0,2.048,2.164,1.874,2.356,1.851,1.758,2017
Georgia,GEO,1.85,1.514,2.269,3.039,4.0,3.0,1.5,2.0,2.5,2.0,1.047,1.289,1.0,1.0,1.889,1.827,1.0,1.024,1.093,3.477,3.0,1.375,1.0,1.974,2.045,1.868,2.192,1.84,1.757,2018
Georgia,GEO,1.8,2.1,2.269,3.039,4.0,3.0,1.75,2.0,2.5,2.0,1.179,1.152,1.0,1.0,1.86,1.827,1.324,1.024,1.093,3.517,3.0,1.25,1.0,2.018,2.107,1.884,2.275,1.828,1.808,2019
Georgia,GEO,1.75,2.086,2.268,2.944,4.0,3.0,2.0,2.0,2.5,2.0,1.197,1.077,1.0,1.0,1.841,1.827,1.194,1.025,1.093,3.553,3.0,1.125,1.0,2.013,2.11,1.869,2.282,1.817,1.793,2020
Germany,DEU,2.1,1.604,2.532,1.698,2.0,1.0,2.25,2.0,1.0,1.0,1.162,1.97,1.0,1.0,1.54,1.489,1.356,2.011,4.549,1.0,1.0,1.6,1.0,1.573,1.534,1.63,1.65,1.055,2.163,2008
Germany,DEU,2.25,1.546,2.54,1.698,2.0,1.0,2.25,2.0,1.0,1.0,1.199,1.97,1.0,1.0,1.54,1.448,1.356,2.021,4.801,1.0,1.0,1.725,1.0,1.591,1.541,1.665,1.657,1.067,2.209,2009
Germany,DEU,2.25,1.512,2.526,1.675,2.0,1.0,2.25,2.0,1.0,1.0,1.215,1.97,1.0,1.0,1.593,1.448,1.356,2.032,5.0,1.0,1.0,1.8,1.0,1.601,1.537,1.697,1.65,1.073,2.254,2010
Germany,DEU,2.15,1.496,2.518,1.675,2.0,1.0,2.25,2.0,1.0,1.0,1.234,1.97,1.0,1.0,1.583,1.46,1.45,2.042,5.0,1.0,1.0,1.875,1.0,1.602,1.529,1.711,1.638,1.08,2.269,2011
Germany,DEU,1.95,1.49,2.507,1.651,2.0,1.0,2.25,2.0,1.0,1.0,1.178,1.97,1.0,1.0,1.554,1.467,1.27,2.053,4.844,1.0,1.0,1.875,1.0,1.579,1.512,1.681,1.617,1.08,2.213,2012
Germany,DEU,1.9,1.457,2.504,1.651,2.0,1.0,1.75,2.0,1.0,1.0,1.192,1.816,1.0,1.0,1.545,1.365,1.208,2.063,3.98,1.0,1.0,1.825,1.0,1.511,1.468,1.574,1.555,1.076,2.044,2013
Germany,DEU,2.15,1.407,2.508,1.603,2.0,1.0,2.5,2.0,1.0,1.0,1.164,1.585,1.0,1.0,1.554,1.35,1.03,2.074,3.422,1.0,1.0,1.775,1.0,1.508,1.513,1.499,1.62,1.071,1.923,2014
Germany,DEU,1.95,1.421,2.512,1.603,2.0,1.0,2.25,2.0,1.0,1.0,1.123,1.446,1.0,1.0,1.521,1.339,1.007,2.071,3.283,1.0,1.0,1.775,1.0,1.479,1.479,1.48,1.574,1.071,1.885,2015
Germany,DEU,2.2,1.44,2.503,1.603,2.0,1.0,3.0,2.0,1.0,1.0,1.087,1.989,1.0,1.0,1.511,1.331,1.004,2.025,3.084,1.0,1.0,1.775,1.0,1.519,1.564,1.452,1.696,1.071,1.835,2016
Germany,DEU,2.3,1.416,2.492,1.603,2.0,1.0,3.0,2.0,1.0,1.0,1.082,2.701,1.48,1.211,1.511,1.325,1.003,2.015,3.495,1.0,1.0,1.7,1.0,1.591,1.659,1.488,1.743,1.183,1.904,2017
Germany,DEU,2.45,1.582,2.476,1.611,2.0,1.0,2.5,2.0,1.0,1.0,1.067,2.547,1.0,1.211,1.531,1.327,1.003,2.067,3.848,1.0,1.0,1.625,1.0,1.566,1.593,1.527,1.722,1.079,1.977,2018
Germany,DEU,2.2,1.489,2.484,1.611,2.0,1.0,2.5,2.0,1.0,1.0,1.05,2.567,1.0,1.211,1.535,1.327,1.0,2.096,3.955,1.0,1.0,1.6,1.0,1.558,1.57,1.539,1.69,1.077,1.999,2019
Germany,DEU,2.35,1.472,2.468,1.571,2.0,1.0,3.5,2.0,1.0,1.0,1.041,2.577,1.0,1.211,1.583,1.33,1.0,2.121,3.665,1.0,1.0,1.525,1.0,1.586,1.638,1.509,1.786,1.07,1.957,2020
Greece,GRC,3.1,1.5,2.894,1.825,3.0,3.0,3.25,2.0,1.0,2.5,5.0,2.352,1.0,1.0,2.362,3.219,2.445,2.039,1.157,1.0,2.0,1.175,1.0,2.025,2.26,1.673,2.056,1.62,2.626,2008
Greece,GRC,3.1,1.588,2.818,1.825,3.0,2.0,3.25,2.0,1.5,2.5,5.0,2.352,1.0,1.0,2.362,3.171,2.445,2.022,1.142,1.0,2.0,1.25,1.0,1.989,2.199,1.673,2.119,1.426,2.615,2009
Greece,GRC,2.95,1.65,2.789,1.81,3.0,2.0,3.25,2.0,1.75,2.5,5.0,2.352,1.0,1.0,2.472,3.171,2.445,2.004,1.088,1.0,2.0,1.375,1.0,2.001,2.213,1.683,2.138,1.437,2.615,2010
Greece,GRC,3.45,1.684,3.536,1.81,3.0,2.0,3.25,2.5,1.5,2.5,5.0,2.352,1.0,1.0,2.587,2.92,1.902,1.986,1.056,1.0,2.0,1.5,1.0,2.045,2.316,1.639,2.282,1.448,2.526,2011
Greece,GRC,3.35,1.791,3.404,1.897,3.0,2.0,3.25,3.0,1.75,2.0,5.0,2.352,1.0,1.0,2.439,2.967,2.654,1.968,1.0,1.0,2.0,1.625,1.0,2.077,2.337,1.688,2.311,1.46,2.59,2012
Greece,GRC,3.65,1.828,3.485,1.897,3.0,2.0,3.0,3.0,1.75,2.5,4.039,2.159,1.0,1.0,2.319,2.916,2.547,1.95,1.0,1.0,2.0,1.625,1.0,2.071,2.342,1.666,2.374,1.46,2.441,2013
Greece,GRC,3.35,1.751,3.474,1.921,3.0,3.0,3.0,3.0,2.0,2.0,3.489,2.201,1.0,1.0,2.181,2.953,1.619,1.933,1.0,1.0,2.0,1.625,1.0,2.064,2.38,1.592,2.313,1.661,2.252,2014
Greece,GRC,2.85,1.698,3.436,1.921,3.0,3.0,3.25,2.5,1.875,1.0,2.207,1.964,1.0,1.0,2.152,3.022,1.202,1.926,1.0,1.0,2.0,1.625,1.0,1.92,2.157,1.564,2.076,1.661,2.055,2015
Greece,GRC,2.85,1.491,3.396,1.706,3.0,3.0,2.75,2.0,2.125,2.5,2.34,1.786,1.0,1.0,2.157,3.008,1.121,1.944,1.0,1.0,2.0,1.625,1.0,1.941,2.195,1.56,2.122,1.661,2.064,2016
Greece,GRC,2.9,1.43,3.434,1.706,3.0,3.0,3.0,1.0,1.625,2.5,2.643,1.873,1.0,1.0,2.138,2.995,1.081,1.917,1.0,1.0,3.0,1.5,1.0,1.948,2.101,1.718,1.973,1.851,2.086,2017
Greece,GRC,3.15,1.39,3.451,1.738,3.0,3.0,3.0,1.0,1.5,2.5,2.688,2.246,1.0,1.0,2.133,3.012,1.637,1.93,1.076,1.0,3.0,1.375,1.0,1.977,2.124,1.758,2.002,1.84,2.174,2018
Greece,GRC,3.1,1.4,3.473,1.738,3.0,3.0,2.25,1.0,1.25,2.0,2.706,2.375,1.0,1.0,2.095,3.016,1.334,1.938,1.076,1.0,3.0,1.25,1.0,1.901,2.019,1.725,1.854,1.828,2.138,2019
Greece,GRC,3.15,1.462,3.477,1.81,3.0,3.0,2.5,1.0,1.125,1.0,2.564,2.37,1.0,1.0,2.119,3.04,1.223,1.935,1.076,1.0,3.0,1.125,1.0,1.852,1.947,1.71,1.762,1.817,2.113,2020
Honduras,HND,3.25,5.0,1.862,2.119,4.0,2.0,1.25,5.0,2.75,3.0,1.0,1.72,1.0,1.0,1.33,1.257,5.0,1.002,1.0,1.005,2.0,1.125,1.0,2.162,2.596,1.512,2.821,1.414,2.069,2008
Honduras,HND,3.35,5.0,1.842,2.119,4.0,2.0,1.25,5.0,2.75,3.0,1.0,1.72,2.002,1.053,1.33,1.252,5.0,1.003,1.0,1.005,2.0,1.125,1.0,2.23,2.709,1.512,2.828,1.621,2.069,2009
Honduras,HND,3.5,5.0,1.824,2.119,4.0,3.0,1.25,5.0,2.75,2.5,1.0,1.72,1.12,1.053,1.363,1.252,5.0,1.004,1.0,1.005,3.0,1.125,1.0,2.289,2.687,1.691,2.781,1.846,2.073,2010
Honduras,HND,3.3,5.0,1.806,2.119,4.0,2.5,1.25,5.0,2.5,4.0,1.0,1.72,2.019,1.158,1.416,1.235,5.0,1.005,1.0,1.005,2.0,1.0,1.0,2.299,2.826,1.507,2.908,1.725,2.077,2011
Honduras,HND,3.7,5.0,1.789,2.103,4.0,3.0,1.25,5.0,2.5,3.0,1.0,1.72,1.72,1.158,1.382,1.235,3.591,1.006,1.0,1.008,2.0,1.0,1.0,2.234,2.787,1.405,2.823,1.765,1.908,2012
Honduras,HND,3.55,5.0,1.773,2.103,4.0,3.0,1.25,5.0,2.5,2.5,1.0,1.485,1.72,1.158,1.387,1.217,2.791,1.007,1.0,1.01,2.0,1.0,1.0,2.174,2.724,1.348,2.736,1.765,1.812,2013
Honduras,HND,3.6,5.0,1.7,2.437,4.0,3.0,1.0,5.0,2.5,2.5,1.031,1.307,1.68,1.105,1.464,1.225,2.074,1.008,1.0,1.012,2.0,1.0,1.0,2.15,2.715,1.304,2.732,1.752,1.742,2014
Honduras,HND,3.55,5.0,1.651,2.437,4.0,2.0,1.25,5.0,2.5,3.0,1.05,1.046,1.84,1.105,1.526,1.201,2.131,1.008,1.0,1.015,2.0,1.0,1.0,2.125,2.668,1.311,2.789,1.582,1.755,2015
Honduras,HND,3.55,5.0,1.638,2.476,4.0,2.0,2.5,5.0,2.25,3.0,1.061,1.0,2.047,1.053,1.564,1.176,1.663,1.008,1.0,1.646,2.0,1.0,1.0,2.194,2.745,1.368,2.943,1.619,1.703,2016
Honduras,HND,3.0,5.0,1.643,2.476,4.0,2.0,2.5,5.0,2.25,2.5,1.06,1.0,1.4,1.053,1.645,1.173,1.248,1.008,1.0,1.647,2.0,1.0,1.0,2.098,2.6,1.345,2.837,1.489,1.663,2017
Honduras,HND,3.1,5.0,1.708,2.69,4.0,2.0,2.25,5.0,2.375,3.0,1.074,1.0,1.0,1.053,1.617,1.237,2.943,1.01,1.0,1.649,2.0,1.0,1.0,2.159,2.62,1.468,2.922,1.408,1.869,2018
Honduras,HND,3.0,5.0,1.786,2.69,4.0,2.0,2.75,5.0,2.5,3.5,1.045,1.0,1.04,1.053,1.66,1.233,3.87,1.01,1.0,1.652,2.0,1.0,1.0,2.238,2.705,1.536,3.038,1.416,1.979,2019
Honduras,HND,3.0,5.0,1.814,2.73,4.0,2.0,3.0,5.0,2.625,3.0,1.058,1.0,2.015,1.105,1.669,1.228,2.79,1.009,1.0,1.908,2.0,1.0,1.0,2.278,2.8,1.496,3.052,1.618,1.854,2020
Hungary,HUN,2.75,1.865,1.435,2.167,1.0,2.0,1.0,1.5,1.25,2.0,1.736,1.049,1.0,1.0,1.621,1.489,1.0,1.061,1.246,1.011,1.0,1.125,1.0,1.391,1.57,1.123,1.608,1.213,1.271,2008
Hungary,HUN,2.7,1.768,1.42,2.167,1.0,2.0,1.0,2.0,1.5,2.0,1.744,1.049,1.0,1.0,1.621,1.383,1.0,1.058,1.247,1.005,2.0,1.25,1.0,1.493,1.621,1.301,1.678,1.426,1.259,2009
Hungary,HUN,2.7,1.904,1.448,2.294,1.0,2.0,1.0,2.0,1.5,1.5,1.651,1.049,1.0,1.0,1.612,1.383,1.0,1.056,1.247,1.005,2.0,1.375,1.0,1.482,1.596,1.31,1.649,1.437,1.247,2010
Hungary,HUN,3.15,1.695,1.458,2.294,1.0,2.0,1.0,2.0,1.5,1.5,1.659,1.049,1.0,1.0,1.488,1.463,2.937,1.054,1.025,1.005,2.0,1.5,1.0,1.537,1.608,1.43,1.665,1.448,1.431,2011
Hungary,HUN,2.95,1.692,1.437,2.373,1.0,2.0,1.0,2.0,1.5,1.5,1.321,1.049,1.0,1.0,1.449,1.35,2.162,1.051,1.025,1.004,2.0,1.625,1.0,1.5,1.584,1.375,1.652,1.46,1.282,2012
Hungary,HUN,2.95,1.729,1.435,2.373,1.0,2.0,1.0,2.0,1.5,1.5,1.049,1.024,1.0,1.0,1.488,1.412,2.162,1.049,1.0,1.004,2.0,1.625,1.0,1.496,1.575,1.379,1.655,1.46,1.257,2013
Hungary,HUN,3.05,1.625,1.434,2.444,1.0,2.0,1.0,2.0,1.5,1.5,1.045,1.012,1.0,1.0,1.425,1.413,1.0,1.047,1.113,1.004,2.0,1.625,1.0,1.467,1.576,1.304,1.657,1.46,1.132,2014
Hungary,HUN,3.4,1.778,1.424,2.444,1.0,2.0,2.25,2.0,1.25,2.0,1.049,1.169,1.0,1.0,1.387,1.408,1.0,1.045,1.113,1.004,2.0,1.625,1.0,1.551,1.717,1.301,1.854,1.46,1.127,2015
Hungary,HUN,2.9,1.74,2.87,2.429,1.0,2.0,1.25,2.0,1.25,1.5,1.024,1.093,1.0,1.0,1.373,1.409,1.028,1.045,1.113,1.005,2.0,1.625,1.0,1.519,1.663,1.302,1.78,1.46,1.126,2016
Hungary,HUN,3.0,2.062,2.892,2.429,1.0,2.0,2.5,2.0,1.25,1.5,1.032,1.313,1.0,1.0,1.478,1.411,1.017,1.047,1.114,1.01,2.0,1.7,1.0,1.598,1.786,1.316,1.952,1.467,1.139,2017
Hungary,HUN,2.55,2.015,2.963,2.325,1.0,2.0,2.5,2.0,1.25,2.0,1.04,1.185,1.0,1.0,1.492,1.432,1.026,1.045,1.114,1.011,2.0,1.625,1.0,1.599,1.789,1.313,1.956,1.46,1.145,2018
Hungary,HUN,2.35,1.817,3.034,2.325,1.0,2.0,2.5,2.0,1.25,2.0,1.075,1.103,1.0,1.0,1.497,1.432,1.156,1.046,1.0,1.013,2.0,1.8,1.0,1.587,1.762,1.325,1.916,1.476,1.145,2019
Hungary,HUN,2.4,1.44,3.017,2.365,1.0,2.0,2.75,1.5,1.25,2.0,1.088,1.046,1.0,1.0,1.531,1.432,1.095,1.047,1.0,1.014,2.0,1.775,1.0,1.553,1.707,1.321,1.838,1.474,1.143,2020
Ireland,IRL,2.6,1.726,2.517,1.635,2.0,2.0,1.0,2.0,1.0,1.0,1.223,1.495,1.0,1.0,1.225,1.37,1.206,1.004,1.736,1.0,1.0,1.125,1.0,1.406,1.58,1.145,1.563,1.213,1.427,2008
Ireland,IRL,2.6,1.888,2.565,1.635,2.0,2.0,1.0,2.0,1.25,1.5,1.317,1.495,1.0,1.0,1.225,1.352,1.206,1.004,1.969,1.0,1.0,1.25,1.0,1.47,1.664,1.179,1.675,1.224,1.478,2009
Ireland,IRL,2.75,1.568,2.606,1.746,2.0,2.0,1.0,2.0,1.0,1.0,1.232,1.495,1.0,1.0,1.239,1.352,1.206,1.004,2.204,1.0,1.0,1.375,1.0,1.44,1.589,1.215,1.576,1.236,1.511,2010
Ireland,IRL,2.45,1.584,2.604,1.746,2.0,2.0,1.0,2.0,1.5,1.0,1.227,1.495,1.0,1.0,1.277,1.367,1.371,1.005,2.281,1.0,1.0,1.375,1.0,1.463,1.614,1.238,1.61,1.236,1.549,2011
Ireland,IRL,2.4,1.592,2.577,1.746,2.0,2.0,1.0,2.0,1.0,1.0,1.187,1.495,1.0,1.0,1.263,1.367,1.256,1.005,1.997,1.0,1.0,1.5,1.0,1.423,1.566,1.209,1.545,1.247,1.479,2012
Ireland,IRL,2.3,1.458,2.517,1.746,2.0,2.0,1.0,2.0,1.0,1.0,1.108,1.403,1.0,1.0,1.239,1.299,1.207,1.005,1.951,1.0,1.0,1.5,1.0,1.4,1.537,1.194,1.51,1.247,1.446,2013
Ireland,IRL,2.35,1.554,2.459,1.667,2.0,2.0,1.0,2.0,1.0,1.0,1.012,1.346,1.0,1.0,1.234,1.296,1.025,1.005,1.94,1.0,1.0,1.5,1.0,1.392,1.533,1.18,1.51,1.247,1.41,2014
Ireland,IRL,2.15,1.508,2.416,1.667,2.0,2.0,2.25,2.0,1.0,1.0,1.131,1.468,1.0,1.0,1.215,1.305,1.0,1.005,1.816,1.0,1.0,1.5,1.0,1.427,1.603,1.164,1.6,1.247,1.398,2015
Ireland,IRL,2.15,1.504,2.374,1.619,2.0,2.0,2.5,2.0,1.0,1.0,1.244,1.286,1.0,1.0,1.158,1.294,1.0,1.005,1.647,1.0,1.0,1.625,1.0,1.427,1.61,1.152,1.603,1.259,1.373,2016
Ireland,IRL,2.2,1.287,2.361,1.619,2.0,2.0,2.25,2.0,1.0,1.0,1.366,1.28,1.0,1.0,1.158,1.291,1.0,1.004,1.634,1.0,1.0,1.5,1.0,1.406,1.583,1.14,1.559,1.247,1.385,2017
Ireland,IRL,2.15,1.347,2.346,1.635,2.0,2.0,1.0,2.0,1.0,1.0,1.368,1.156,1.0,1.0,1.143,1.288,1.0,1.005,1.401,1.0,1.0,1.375,1.0,1.342,1.501,1.104,1.444,1.236,1.342,2018
Ireland,IRL,2.05,1.385,2.33,1.635,2.0,2.0,1.25,2.0,1.0,1.0,1.377,1.08,1.0,1.0,1.134,1.296,1.0,1.005,1.173,1.0,1.0,1.25,1.0,1.334,1.51,1.069,1.456,1.224,1.303,2019
Ireland,IRL,2.1,1.38,2.713,1.587,2.0,2.0,2.5,2.0,1.0,1.0,1.359,1.185,1.0,1.0,1.129,1.266,1.0,1.005,1.055,1.0,1.0,1.125,1.0,1.387,1.616,1.044,1.606,1.213,1.276,2020
Israel,ISR,2.55,2.059,3.033,3.417,3.0,3.0,1.75,2.0,2.625,4.0,5.0,2.891,2.001,1.263,4.035,5.0,1.374,5.0,5.0,1.007,4.0,1.0,1.08,2.782,2.691,2.918,2.494,2.251,4.107,2008
Israel,ISR,2.25,1.97,3.049,3.417,3.0,3.0,1.75,2.0,2.25,4.0,5.0,2.891,2.004,1.526,4.035,5.0,1.374,5.0,5.0,1.007,4.0,1.0,1.24,2.768,2.649,2.946,2.414,2.311,4.107,2009
Israel,ISR,2.35,1.847,2.927,3.142,3.0,3.0,1.75,2.0,2.0,5.0,5.0,2.891,1.32,1.737,3.901,5.0,1.374,5.0,5.0,1.006,4.0,1.0,1.28,2.751,2.622,2.944,2.462,2.203,4.091,2010
Israel,ISR,2.9,1.999,2.936,3.142,3.0,3.0,1.75,2.0,2.0,5.0,5.0,2.891,1.08,1.789,3.657,5.0,1.223,5.0,5.0,1.006,4.0,1.0,1.16,2.747,2.648,2.895,2.529,2.136,4.045,2011
Israel,ISR,2.9,2.011,2.889,3.087,3.0,3.0,1.75,2.0,2.25,4.0,4.412,2.891,1.48,1.842,3.519,5.0,1.208,5.0,5.0,1.006,4.0,1.0,1.0,2.702,2.6,2.856,2.433,2.19,3.958,2012
Israel,ISR,2.8,1.984,2.816,3.087,3.0,3.0,2.0,2.0,2.125,4.0,3.073,2.933,1.04,1.789,3.442,5.0,1.102,5.0,5.0,1.006,4.0,1.0,1.04,2.633,2.488,2.85,2.425,2.104,3.778,2013
Israel,ISR,2.45,1.841,2.783,3.094,3.0,3.0,2.0,2.0,2.0,4.0,2.108,2.75,1.0,1.526,3.433,5.0,1.162,5.0,5.0,1.004,4.0,1.0,1.0,2.564,2.375,2.846,2.349,2.061,3.671,2014
Israel,ISR,2.05,1.82,2.75,3.094,3.0,3.0,2.75,2.0,2.0,4.0,2.764,2.662,2.026,1.579,3.49,4.397,1.091,5.0,5.0,1.004,4.0,1.0,2.028,2.711,2.528,2.984,2.369,2.48,3.676,2015
Israel,ISR,2.55,1.684,2.718,3.008,3.0,3.0,3.0,2.0,1.875,4.0,3.781,2.816,1.12,1.737,3.452,4.331,1.0,5.0,5.0,1.003,4.0,1.0,1.0,2.62,2.509,2.788,2.403,2.107,3.772,2016
Israel,ISR,2.5,1.683,2.684,3.008,3.0,3.0,1.75,2.0,2.0,4.0,4.63,2.765,1.0,1.684,3.419,4.267,1.005,5.0,5.0,1.002,4.0,1.0,1.0,2.584,2.453,2.782,2.297,2.077,3.861,2017
Israel,ISR,2.15,1.634,2.652,2.857,3.0,3.0,2.5,2.0,3.0,3.5,5.0,2.7,1.84,1.684,3.075,4.208,1.003,5.0,5.0,1.002,4.0,1.0,1.0,2.665,2.606,2.753,2.365,2.246,3.857,2018
Israel,ISR,2.2,1.736,2.622,2.857,3.0,3.0,1.75,2.0,3.0,3.5,5.0,2.729,1.08,1.895,3.065,4.027,1.002,5.0,5.0,1.002,4.0,1.0,1.12,2.605,2.501,2.761,2.315,2.139,3.835,2019
Israel,ISR,1.95,1.682,2.594,2.857,3.0,3.0,2.0,2.0,3.0,3.5,5.0,2.696,1.12,1.842,3.003,3.975,1.0,5.0,5.0,1.002,4.0,1.5,1.08,2.611,2.495,2.786,2.304,2.179,3.821,2020
Italy,ITA,2.95,1.532,3.76,1.77,3.0,1.0,2.0,3.0,1.0,1.0,1.474,1.959,1.0,1.0,1.688,1.493,1.222,2.581,2.236,1.0,1.0,1.8,1.0,1.67,1.808,1.463,1.926,1.073,2.071,2008
Italy,ITA,2.95,1.534,2.908,1.77,3.0,1.0,2.0,3.0,1.25,2.0,1.373,1.959,1.0,1.0,1.688,1.486,1.222,2.58,2.261,1.0,1.0,1.875,1.0,1.702,1.855,1.471,1.998,1.08,2.062,2009
Italy,ITA,2.55,1.516,2.889,1.889,3.0,1.0,2.0,3.0,1.0,2.0,1.288,1.959,1.0,1.0,1.707,1.486,1.222,2.578,2.367,1.0,1.0,1.9,1.0,1.68,1.81,1.485,1.94,1.083,2.073,2010
Italy,ITA,2.7,1.492,3.451,1.889,3.0,1.0,2.0,3.0,1.25,2.5,1.276,1.959,1.0,1.0,1.698,1.466,1.381,2.577,2.249,1.0,1.0,1.8,1.0,1.739,1.916,1.474,2.088,1.073,2.066,2011
Italy,ITA,3.15,1.44,3.296,1.873,3.0,1.0,2.0,3.0,1.25,2.0,1.253,1.959,1.0,1.0,1.698,1.463,1.668,2.575,2.439,1.0,1.0,1.625,1.0,1.731,1.886,1.499,2.048,1.057,2.13,2012
Italy,ITA,2.55,1.457,3.306,1.873,3.0,1.0,2.0,3.0,1.75,2.0,1.189,1.823,1.0,1.0,1.674,1.451,1.619,2.573,2.477,1.0,1.0,1.625,1.0,1.729,1.884,1.497,2.049,1.057,2.119,2013
Italy,ITA,2.75,1.438,3.286,1.698,3.0,1.0,2.75,3.0,1.75,1.5,1.168,1.588,1.0,1.0,1.707,1.439,1.229,2.572,2.679,1.0,1.0,1.625,1.0,1.723,1.877,1.493,2.041,1.057,2.108,2014
Italy,ITA,2.95,1.414,3.279,1.698,3.0,1.0,3.0,3.0,1.75,2.0,1.176,1.368,1.0,1.0,1.684,1.441,1.026,2.571,2.757,1.0,1.0,1.675,1.0,1.757,1.936,1.489,2.123,1.062,2.096,2015
Italy,ITA,3.0,1.392,3.279,1.714,3.0,1.0,2.5,3.0,1.75,2.0,1.208,1.39,1.0,1.0,1.645,1.438,1.0,2.593,2.799,1.0,1.0,1.725,1.0,1.743,1.909,1.495,2.083,1.067,2.103,2016
Italy,ITA,3.05,1.387,3.256,1.714,3.0,1.0,2.5,3.0,2.0,1.5,1.31,1.529,1.0,1.0,1.655,1.439,1.0,2.631,2.645,1.0,1.0,1.7,1.0,1.732,1.9,1.481,2.064,1.064,2.096,2017
Italy,ITA,3.05,1.334,3.271,1.794,3.0,1.0,3.0,3.0,2.0,2.0,1.43,1.642,1.0,1.0,1.645,1.439,1.0,2.498,2.607,1.0,1.0,1.625,1.0,1.773,1.985,1.456,2.175,1.057,2.079,2018
Italy,ITA,2.7,1.312,3.274,1.794,3.0,1.0,2.75,3.0,1.875,1.5,1.478,1.968,1.0,1.0,1.655,1.431,1.595,2.528,2.45,1.0,1.0,1.6,1.0,1.738,1.908,1.483,2.066,1.055,2.133,2019
Italy,ITA,2.5,1.298,3.278,1.714,3.0,1.0,3.0,3.0,1.875,1.0,1.49,2.312,1.0,1.0,1.641,1.418,1.357,2.522,2.31,1.0,1.0,1.525,1.0,1.704,1.878,1.443,2.023,1.048,2.077,2020
Japan,JPN,2.6,1.242,1.995,1.476,1.0,1.0,1.25,1.0,1.0,1.0,1.24,1.424,1.0,1.0,1.43,1.298,1.998,3.758,1.008,1.0,3.0,1.05,1.0,1.464,1.258,1.773,1.346,1.407,1.719,2008
Japan,JPN,2.55,1.224,2.0,1.476,1.0,1.0,1.25,1.0,1.0,1.0,1.298,1.424,1.0,1.0,1.43,1.275,1.998,3.724,1.008,1.0,3.0,1.0,1.0,1.459,1.256,1.764,1.34,1.403,1.718,2009
Japan,JPN,2.35,1.255,1.986,1.452,1.0,1.0,1.25,1.0,1.0,1.0,1.363,1.424,1.0,1.0,1.454,1.275,1.998,3.689,1.008,1.0,3.0,1.0,1.0,1.452,1.246,1.762,1.323,1.403,1.722,2010
Japan,JPN,2.5,1.198,1.99,1.452,1.0,1.0,1.25,1.0,1.0,1.0,1.394,1.424,1.0,1.0,1.454,1.298,1.618,3.655,1.008,1.0,3.0,1.0,1.0,1.445,1.252,1.733,1.33,1.403,1.677,2011
Japan,JPN,2.45,1.182,1.993,1.421,1.0,1.0,1.25,1.0,1.0,1.5,1.377,1.424,1.0,1.0,1.459,1.298,1.387,3.62,1.008,1.0,3.0,1.0,1.0,1.458,1.287,1.713,1.38,1.403,1.643,2012
Japan,JPN,2.05,1.172,1.997,1.421,1.0,1.0,1.5,1.0,1.0,1.0,1.343,1.259,1.0,1.0,1.454,1.298,1.103,3.586,1.0,1.0,3.0,1.0,1.0,1.412,1.227,1.688,1.297,1.403,1.597,2013
Japan,JPN,2.3,1.168,2.003,1.381,1.0,1.0,1.0,1.0,1.0,1.5,1.274,1.0,1.0,1.0,1.468,1.295,1.181,3.551,1.0,1.0,3.0,1.0,1.0,1.419,1.237,1.691,1.315,1.403,1.593,2014
Japan,JPN,2.35,1.145,2.006,1.381,1.0,1.0,2.25,1.0,1.0,1.0,1.201,1.0,1.0,1.0,1.459,1.295,1.648,3.519,1.0,1.0,3.0,1.0,1.0,1.451,1.272,1.72,1.369,1.403,1.633,2015
Japan,JPN,2.35,1.155,2.008,1.349,1.0,1.0,2.25,1.0,1.0,1.5,1.167,1.169,1.0,1.0,1.459,1.295,1.333,3.512,1.0,1.0,3.0,1.0,1.0,1.47,1.319,1.697,1.436,1.403,1.591,2016
Japan,JPN,2.2,1.143,2.01,1.349,1.0,1.0,1.75,1.0,1.0,1.0,1.171,1.093,1.0,1.0,1.459,1.295,1.222,3.572,1.0,1.0,3.0,1.0,1.0,1.417,1.232,1.695,1.314,1.403,1.589,2017
Japan,JPN,2.1,1.143,2.011,1.317,1.0,1.0,2.0,1.0,1.0,1.0,1.194,1.049,1.0,1.0,1.459,1.296,1.622,3.638,1.0,1.0,3.0,1.0,1.0,1.435,1.238,1.731,1.322,1.403,1.65,2018
Japan,JPN,2.05,1.12,2.011,1.317,1.0,1.0,1.5,1.0,1.0,1.0,1.24,1.024,1.0,1.0,1.468,1.296,1.24,3.676,1.001,1.0,3.0,1.0,1.0,1.405,1.203,1.709,1.269,1.403,1.619,2019
Japan,JPN,2.15,1.132,2.013,1.294,1.0,1.0,1.5,1.0,1.0,1.0,1.314,1.549,1.0,1.0,1.483,1.296,1.16,3.688,1.001,1.0,3.0,1.0,1.0,1.422,1.234,1.705,1.309,1.403,1.622,2020
Kyrgyz Republic,KGZ,3.75,3.576,2.5,2.754,4.0,4.0,1.5,4.0,2.75,3.0,1.055,1.559,1.0,1.0,1.789,1.304,5.0,1.019,1.654,1.014,3.0,1.0,1.0,2.35,2.725,1.787,2.706,2.006,2.254,2008
Kyrgyz Republic,KGZ,3.25,3.574,2.5,2.754,4.0,4.0,1.5,4.0,2.75,3.0,1.028,1.559,1.0,1.0,1.789,1.304,5.0,1.019,1.254,1.016,3.0,1.0,1.0,2.313,2.692,1.745,2.661,2.006,2.18,2009
Kyrgyz Republic,KGZ,3.3,3.564,2.5,2.452,4.0,4.0,1.5,4.0,2.75,1.5,1.013,1.559,1.0,1.0,1.789,1.304,5.0,1.019,1.252,1.016,3.0,1.0,1.0,2.227,2.549,1.745,2.462,2.006,2.178,2010
Kyrgyz Republic,KGZ,3.45,3.489,2.5,2.452,4.0,4.0,1.5,4.0,2.75,2.5,1.005,1.559,2.019,1.053,1.789,1.304,5.0,1.019,1.247,1.497,3.0,1.0,1.0,2.372,2.746,1.812,2.64,2.217,2.176,2011
Kyrgyz Republic,KGZ,2.85,5.0,2.5,2.397,4.0,4.0,1.5,4.0,2.75,4.0,1.0,1.559,1.0,1.053,1.789,1.302,4.874,1.019,1.155,1.986,3.0,1.0,1.0,2.455,2.85,1.863,2.994,2.012,2.144,2012
Kyrgyz Republic,KGZ,3.35,3.827,2.5,2.397,4.0,4.0,1.5,4.0,2.625,3.0,1.0,1.369,1.0,1.053,1.76,1.307,4.074,1.019,1.067,1.997,3.0,1.0,1.0,2.327,2.68,1.797,2.758,2.012,2.032,2013
Kyrgyz Republic,KGZ,3.05,3.124,2.5,2.317,4.0,4.0,1.25,4.0,2.5,3.0,1.0,1.748,1.0,1.053,1.66,1.302,2.879,1.019,1.0,1.013,3.0,1.0,1.0,2.176,2.587,1.558,2.512,2.012,1.867,2014
Kyrgyz Republic,KGZ,3.3,2.844,2.5,2.317,4.0,4.0,1.25,3.5,2.75,3.0,1.0,1.527,1.0,1.053,1.583,1.281,3.706,1.02,1.0,1.014,3.0,1.0,1.0,2.173,2.549,1.61,2.458,2.012,1.953,2015
Kyrgyz Republic,KGZ,3.35,2.844,2.5,2.325,4.0,4.0,1.25,3.0,2.75,3.0,1.009,1.313,1.04,1.0,1.583,1.276,4.109,1.02,1.018,1.014,3.0,1.0,1.0,2.158,2.503,1.64,2.392,2.014,2.004,2016
Kyrgyz Republic,KGZ,3.4,2.425,2.5,2.325,4.0,4.0,1.25,3.0,2.625,3.0,1.027,1.49,1.0,1.0,1.583,1.271,2.943,1.02,1.04,1.014,3.0,1.0,1.0,2.103,2.465,1.56,2.343,2.006,1.872,2017
Kyrgyz Republic,KGZ,3.35,2.425,2.5,2.357,4.0,4.0,1.75,3.0,2.5,3.0,1.053,1.315,1.0,1.0,1.583,1.266,1.781,1.02,1.061,1.015,3.0,1.0,1.0,2.079,2.478,1.48,2.361,2.006,1.742,2018
Kyrgyz Republic,KGZ,2.8,2.425,2.5,2.357,4.0,4.0,1.75,3.0,2.375,3.0,1.055,1.152,1.0,1.0,1.583,1.261,1.0,1.02,1.06,1.015,3.0,1.0,1.0,2.025,2.426,1.424,2.288,2.006,1.649,2019
Kyrgyz Republic,KGZ,2.75,2.425,2.5,2.357,4.0,4.0,2.0,3.0,2.25,3.0,1.085,1.077,1.0,1.0,1.583,1.255,1.116,1.021,1.059,1.015,3.0,1.0,1.0,2.029,2.427,1.432,2.286,2.006,1.666,2020
Latvia,LVA,3.35,3.911,4.107,3.37,2.0,1.0,1.0,2.0,1.0,1.5,1.647,1.0,1.0,1.0,1.736,1.353,1.633,1.002,1.0,1.01,2.0,1.5,1.0,1.709,1.955,1.341,2.211,1.247,1.456,2008
Latvia,LVA,2.9,3.931,3.102,3.37,2.0,2.0,1.0,2.0,1.25,1.5,1.787,1.0,1.0,1.0,1.736,1.335,1.633,1.002,1.0,1.012,2.0,1.75,1.0,1.742,1.997,1.36,2.114,1.471,1.47,2009
Latvia,LVA,3.4,3.957,3.057,3.638,2.0,1.0,1.0,2.0,1.5,2.0,1.787,1.0,1.0,1.0,1.961,1.335,1.633,1.002,1.0,1.012,2.0,2.0,1.0,1.76,2.003,1.396,2.269,1.293,1.496,2010
Latvia,LVA,3.4,3.998,3.263,3.638,2.0,1.0,1.0,2.0,1.5,2.0,1.877,1.0,1.0,1.0,1.55,1.408,1.202,1.002,1.0,1.011,2.0,2.0,1.0,1.75,2.023,1.341,2.292,1.293,1.416,2011
Latvia,LVA,3.25,4.02,3.318,3.543,2.0,1.0,1.0,2.0,1.5,2.0,2.013,1.0,1.0,1.0,1.511,1.341,1.151,1.002,1.0,1.011,2.0,2.0,1.0,1.743,2.018,1.33,2.278,1.293,1.414,2012
Latvia,LVA,2.7,4.039,3.361,3.543,2.0,1.0,1.0,2.0,1.5,2.0,1.741,1.0,1.0,1.0,1.435,1.369,1.034,1.002,1.0,1.011,2.0,1.875,1.0,1.709,1.977,1.308,2.236,1.282,1.363,2013
Latvia,LVA,2.9,2.36,3.112,3.0,2.0,1.0,1.0,2.0,1.5,1.5,1.467,1.0,1.0,1.0,1.473,1.371,1.014,1.003,1.0,1.004,2.0,1.75,1.0,1.566,1.745,1.299,1.926,1.27,1.333,2014
Latvia,LVA,2.75,2.121,3.037,3.0,2.0,1.0,1.0,2.0,1.75,1.0,1.43,1.0,1.0,1.0,1.449,1.405,1.071,1.003,1.0,1.003,3.0,1.625,1.0,1.601,1.688,1.47,1.849,1.46,1.336,2015
Latvia,LVA,2.5,2.302,3.301,2.778,2.0,1.0,1.0,1.0,1.875,1.5,1.343,1.0,1.0,1.0,1.497,1.408,1.042,1.003,1.0,1.003,3.0,1.625,1.0,1.581,1.655,1.472,1.808,1.46,1.329,2016
Latvia,LVA,2.35,2.347,3.3,2.778,2.0,1.0,1.25,1.0,1.625,1.5,1.353,1.0,1.0,1.0,1.693,1.412,1.111,1.003,1.0,1.003,3.0,1.6,1.0,1.582,1.644,1.489,1.792,1.458,1.362,2017
Latvia,LVA,2.35,2.38,3.153,2.548,2.0,1.0,1.5,1.5,1.625,1.0,1.505,1.0,1.0,1.0,1.832,1.415,1.078,1.004,1.0,1.003,3.0,1.475,1.0,1.582,1.645,1.486,1.785,1.446,1.392,2018
Latvia,LVA,2.7,2.542,3.137,2.548,2.0,1.0,1.5,2.0,1.75,1.0,1.624,1.0,1.0,1.0,2.004,1.49,1.033,1.004,1.0,1.003,3.0,1.45,1.0,1.642,1.737,1.499,1.907,1.444,1.43,2019
Latvia,LVA,2.55,2.59,2.228,2.421,2.0,1.0,2.25,2.0,1.75,1.0,1.816,1.0,1.0,1.0,1.989,1.548,1.047,1.004,1.0,1.002,3.0,1.425,1.0,1.633,1.722,1.501,1.874,1.442,1.46,2020
Lithuania,LTU,3.95,3.702,2.728,2.944,3.0,1.0,1.5,2.0,1.25,1.5,1.496,1.0,1.0,1.0,1.54,1.62,1.314,1.006,1.0,1.005,2.0,1.6,1.0,1.715,1.971,1.331,2.153,1.256,1.586,2008
Lithuania,LTU,3.8,3.643,2.729,2.944,3.0,1.0,1.5,2.0,1.375,1.0,1.614,1.0,1.0,1.0,1.54,1.406,1.314,1.006,1.0,1.005,2.0,1.8,1.0,1.691,1.93,1.332,2.089,1.275,1.574,2009
Lithuania,LTU,4.0,3.829,2.722,3.181,3.0,1.0,1.5,2.0,1.5,1.0,1.533,1.0,1.0,1.0,1.598,1.406,1.314,1.006,1.0,1.005,2.0,2.0,1.0,1.729,1.98,1.352,2.163,1.293,1.572,2010
Lithuania,LTU,3.7,3.492,2.732,3.181,3.0,1.0,1.5,2.0,1.5,1.5,1.531,1.0,1.0,1.0,1.492,1.505,3.032,1.006,1.0,1.005,2.0,2.0,1.0,1.774,1.975,1.473,2.157,1.293,1.773,2011
Lithuania,LTU,3.65,3.268,2.733,3.614,3.0,1.0,1.5,2.0,1.5,1.5,1.301,1.0,1.0,1.0,1.382,1.515,3.515,1.006,1.0,1.006,2.0,2.0,1.0,1.782,1.971,1.5,2.164,1.293,1.791,2012
Lithuania,LTU,3.35,3.242,2.639,3.614,2.0,1.0,1.5,2.0,1.625,1.5,1.287,1.0,1.0,1.0,1.363,1.57,3.456,1.006,1.0,1.005,2.0,1.875,1.0,1.73,1.89,1.488,2.141,1.282,1.61,2013
Lithuania,LTU,3.3,3.19,2.595,3.496,2.0,1.0,1.5,2.0,1.75,1.5,1.505,1.0,1.0,1.0,1.363,1.649,1.998,1.006,1.0,1.002,2.0,1.75,1.0,1.688,1.892,1.38,2.131,1.27,1.473,2014
Lithuania,LTU,3.3,3.173,2.591,3.496,2.0,1.0,1.5,2.0,1.75,1.0,1.429,1.0,1.0,1.0,1.421,1.57,1.314,1.009,1.0,1.002,3.0,1.625,1.0,1.706,1.845,1.497,2.069,1.46,1.382,2015
Lithuania,LTU,3.1,2.855,2.617,3.016,2.0,1.0,1.5,2.0,1.75,1.5,1.462,1.0,1.0,1.0,1.545,1.858,1.0,1.008,1.0,1.002,3.0,1.625,1.0,1.694,1.821,1.504,2.033,1.46,1.397,2016
Lithuania,LTU,2.85,2.98,2.534,3.016,2.0,1.0,1.5,2.0,1.75,1.0,1.631,1.0,1.0,1.0,1.707,1.902,2.697,1.008,1.0,1.001,3.0,1.5,1.0,1.717,1.775,1.629,1.96,1.448,1.641,2017
Lithuania,LTU,2.45,2.833,2.461,2.865,2.0,1.0,1.5,2.0,1.75,1.0,1.674,1.0,1.0,1.0,1.817,2.112,2.891,1.008,1.0,1.001,3.0,1.425,1.0,1.699,1.726,1.659,1.887,1.442,1.707,2018
Lithuania,LTU,2.15,2.383,2.455,2.865,2.0,1.0,1.5,2.0,1.75,1.0,1.36,1.0,1.0,1.0,1.942,2.077,2.203,1.008,1.582,1.001,3.0,1.4,1.0,1.664,1.655,1.676,1.807,1.439,1.702,2019
Lithuania,LTU,2.0,2.321,2.471,2.746,2.0,1.0,1.0,2.0,1.75,1.0,1.5,1.38,1.0,1.0,1.927,2.28,1.349,1.009,1.583,1.001,3.0,1.375,1.0,1.626,1.624,1.628,1.756,1.437,1.64,2020
Netherlands,NLD,2.1,1.388,2.071,1.794,2.0,1.0,1.5,2.0,1.0,1.0,1.727,1.0,1.0,1.0,1.621,1.458,2.325,1.568,5.0,1.0,1.0,1.7,1.0,1.542,1.429,1.711,1.469,1.064,2.351,2008
Netherlands,NLD,2.1,1.433,2.07,1.794,2.0,1.0,1.5,2.0,1.0,1.0,1.739,1.0,1.0,1.0,1.621,1.38,2.325,1.541,5.0,1.0,1.0,1.775,1.0,1.543,1.433,1.709,1.474,1.071,2.338,2009
Netherlands,NLD,2.1,1.452,2.068,1.73,2.0,1.0,1.5,2.0,1.0,1.0,1.844,1.0,1.0,1.0,1.645,1.38,2.325,1.513,5.0,1.0,1.0,1.8,1.0,1.545,1.435,1.709,1.471,1.073,2.349,2010
Netherlands,NLD,2.25,1.462,2.486,1.73,2.0,1.0,1.5,2.0,1.0,1.0,1.924,1.0,1.0,1.0,1.631,1.338,2.021,1.486,5.0,1.0,1.0,1.85,1.0,1.559,1.475,1.685,1.522,1.078,2.311,2011
Netherlands,NLD,1.85,1.43,2.483,1.651,2.0,1.0,1.5,2.0,1.0,1.0,1.774,1.0,1.0,1.0,1.612,1.338,1.55,1.458,5.0,1.0,1.0,1.725,1.0,1.516,1.436,1.637,1.476,1.067,2.231,2012
Netherlands,NLD,1.95,1.425,2.501,1.651,2.0,1.0,1.5,2.0,1.0,1.0,1.758,1.0,1.0,1.0,1.583,1.335,1.186,1.43,5.0,1.0,1.0,1.725,1.0,1.508,1.442,1.606,1.485,1.067,2.177,2013
Netherlands,NLD,1.85,1.429,2.524,1.548,2.0,1.0,1.5,2.0,1.0,1.0,2.048,1.0,1.0,1.0,1.559,1.335,1.027,1.403,5.0,1.0,1.0,1.725,1.0,1.502,1.443,1.591,1.47,1.067,2.185,2014
Netherlands,NLD,1.9,1.368,2.521,1.548,2.0,1.0,1.5,2.0,1.0,1.0,1.838,1.0,1.0,1.0,1.564,1.334,1.0,1.383,5.0,1.0,1.0,1.725,1.0,1.494,1.432,1.587,1.467,1.067,2.154,2015
Netherlands,NLD,1.95,1.361,2.788,1.468,2.0,1.0,1.75,2.0,1.0,1.0,1.729,1.454,1.0,1.053,1.545,1.32,1.0,1.391,5.0,1.0,1.0,1.8,1.0,1.524,1.48,1.591,1.536,1.079,2.139,2016
Netherlands,NLD,1.85,1.304,2.738,1.468,2.0,1.0,2.0,2.0,1.0,1.0,1.682,1.288,1.0,1.053,1.545,1.313,1.0,1.391,5.0,1.0,1.0,1.85,1.0,1.521,1.472,1.595,1.528,1.083,2.133,2017
Netherlands,NLD,1.8,1.273,2.736,1.5,2.0,1.0,2.0,2.0,1.0,1.0,1.541,1.517,1.0,1.053,1.569,1.311,1.0,1.391,5.0,1.0,1.0,1.9,1.0,1.523,1.472,1.601,1.536,1.088,2.119,2018
Netherlands,NLD,1.75,1.381,2.759,1.5,2.0,1.0,1.75,2.0,1.0,1.0,1.248,1.544,1.0,1.053,1.578,1.309,1.0,1.426,5.0,1.0,1.0,1.875,1.0,1.513,1.452,1.603,1.526,1.086,2.091,2019
Netherlands,NLD,1.95,1.287,2.446,1.476,2.0,1.0,3.0,2.0,1.0,1.0,1.629,1.939,1.0,1.053,1.621,1.307,1.047,1.44,5.0,1.0,1.0,1.9,1.0,1.573,1.547,1.613,1.637,1.088,2.149,2020
North Macedonia,MKD,2.65,2.05,3.341,1.865,4.0,2.0,1.25,3.0,3.0,2.0,1.0,1.0,1.0,1.0,1.923,1.813,2.701,1.01,1.0,1.128,2.0,1.5,1.0,1.867,2.125,1.479,2.177,1.448,1.936,2008
North Macedonia,MKD,2.65,2.004,3.349,1.865,4.0,2.0,1.25,3.0,3.0,2.5,1.0,1.0,1.0,1.0,1.923,1.812,2.701,1.01,1.0,1.12,2.0,1.75,1.0,1.898,2.164,1.498,2.231,1.471,1.935,2009
North Macedonia,MKD,2.65,1.845,3.362,1.968,4.0,2.0,1.25,3.0,3.0,2.0,1.04,1.0,1.0,1.0,1.808,1.812,2.701,1.01,1.0,1.127,2.0,1.875,1.0,1.871,2.118,1.501,2.164,1.483,1.927,2010
North Macedonia,MKD,2.65,1.849,3.374,1.968,4.0,2.0,1.25,3.0,3.0,2.0,1.04,1.0,1.0,1.0,1.712,1.59,1.541,1.01,1.0,1.127,2.0,1.875,1.0,1.83,2.119,1.397,2.166,1.483,1.753,2011
North Macedonia,MKD,2.65,2.024,3.384,1.976,4.0,2.0,1.25,3.0,2.875,2.0,1.041,1.0,1.0,1.0,1.583,1.59,3.318,1.01,1.0,1.124,2.0,1.875,1.0,1.88,2.124,1.513,2.173,1.483,1.947,2012
North Macedonia,MKD,2.65,1.735,3.397,1.976,4.0,2.0,1.25,3.0,2.75,2.0,1.041,1.0,1.0,1.0,1.631,1.588,2.958,1.01,1.0,1.123,3.0,1.75,1.0,1.917,2.09,1.657,2.125,1.673,1.91,2013
North Macedonia,MKD,2.4,1.715,3.814,2.198,4.0,2.0,1.5,3.0,2.75,2.0,1.048,1.0,1.0,1.0,1.588,1.588,4.185,1.01,1.0,1.027,3.0,1.625,1.0,1.964,2.129,1.717,2.168,1.661,2.05,2014
North Macedonia,MKD,2.2,1.546,3.304,2.198,4.0,2.0,2.0,3.0,2.75,2.0,1.007,1.169,1.0,1.0,1.531,1.609,2.517,1.01,1.0,1.029,3.0,1.625,1.0,1.903,2.107,1.597,2.14,1.661,1.845,2015
North Macedonia,MKD,2.55,1.876,3.329,2.286,4.0,3.0,1.75,3.0,2.75,2.0,1.007,2.153,1.0,1.0,1.483,1.614,3.317,1.01,1.0,1.029,3.0,1.625,1.0,2.037,2.295,1.651,2.255,1.863,1.934,2016
North Macedonia,MKD,2.3,1.631,3.442,2.286,4.0,3.0,2.0,3.0,3.0,2.5,1.007,1.896,1.0,1.0,1.473,1.62,2.085,1.01,1.0,1.029,3.0,1.5,1.0,2.021,2.333,1.553,2.309,1.851,1.788,2017
North Macedonia,MKD,2.35,1.484,3.446,2.159,4.0,3.0,2.0,2.5,3.125,2.0,1.007,1.696,1.0,1.0,1.483,1.626,1.662,1.01,1.0,1.028,3.0,1.375,1.0,1.946,2.234,1.514,2.171,1.84,1.74,2018
North Macedonia,MKD,2.3,1.798,3.515,2.159,4.0,3.0,1.25,2.0,2.875,2.0,1.0,1.464,1.0,1.0,1.468,1.633,1.397,1.01,1.0,1.03,2.0,1.25,1.0,1.808,2.142,1.308,2.042,1.627,1.707,2019
North Macedonia,MKD,2.5,1.651,3.542,1.81,4.0,3.0,1.5,2.0,2.875,2.0,1.0,1.292,1.0,1.0,1.574,1.641,1.265,1.009,1.0,1.031,2.0,1.125,1.0,1.797,2.13,1.297,2.026,1.615,1.705,2020
Norway,NOR,1.75,1.354,1.805,1.563,1.0,1.0,1.0,1.0,1.0,1.0,4.47,3.151,1.0,1.0,1.574,1.688,2.2,1.254,1.998,1.0,1.0,1.7,1.0,1.385,1.4,1.363,1.355,1.064,1.919,2008
Norway,NOR,1.75,1.318,1.793,1.563,1.0,1.0,1.0,1.0,1.0,1.0,5.0,3.151,1.0,1.0,1.574,1.602,2.2,1.258,1.479,1.0,1.0,1.775,1.0,1.374,1.418,1.309,1.35,1.071,1.88,2009
Norway,NOR,1.75,1.356,1.787,1.587,1.0,1.0,1.0,1.0,1.0,1.0,5.0,3.151,1.0,1.0,1.655,1.602,2.2,1.262,1.315,1.0,1.0,1.8,1.0,1.373,1.423,1.299,1.356,1.073,1.861,2010
Norway,NOR,1.75,1.3,1.792,1.587,1.5,1.0,1.0,1.0,1.0,1.0,5.0,3.151,1.0,1.0,1.641,1.795,2.042,1.265,1.278,1.0,1.0,1.8,1.0,1.389,1.45,1.297,1.35,1.073,1.946,2011
Norway,NOR,1.75,1.296,1.786,1.571,2.0,1.0,1.0,1.5,1.0,1.0,5.0,3.151,1.0,1.0,1.669,1.734,1.207,1.269,1.538,1.0,1.0,1.625,1.0,1.413,1.522,1.25,1.406,1.057,1.979,2012
Norway,NOR,1.55,2.06,1.785,1.571,2.0,1.0,1.0,1.0,1.0,1.0,5.0,2.873,1.0,1.0,1.65,1.728,1.207,1.272,1.796,1.0,1.0,1.625,1.0,1.422,1.519,1.276,1.403,1.057,2.022,2013
Norway,NOR,1.55,1.269,1.791,1.571,2.0,1.0,1.0,1.0,1.0,1.0,5.0,2.597,1.0,1.0,1.655,1.783,1.025,1.276,2.294,1.0,1.0,1.625,1.0,1.393,1.442,1.32,1.294,1.057,2.096,2014
Norway,NOR,1.65,1.453,1.812,1.571,2.0,1.0,1.0,1.0,1.0,1.0,3.613,2.294,1.0,1.0,1.65,1.735,1.029,1.276,2.576,1.0,1.0,1.675,1.0,1.377,1.394,1.351,1.309,1.062,1.977,2015
Norway,NOR,1.45,1.282,1.837,1.579,2.0,1.0,1.0,1.0,1.0,1.0,3.568,2.029,1.0,1.0,1.669,1.69,1.017,1.278,3.172,1.0,1.0,1.725,1.0,1.38,1.356,1.416,1.258,1.067,2.073,2016
Norway,NOR,1.6,1.231,1.829,1.579,2.0,1.0,1.0,1.0,1.0,1.0,2.318,1.0,1.0,1.0,1.75,1.715,1.026,1.328,3.272,1.0,2.0,1.7,1.0,1.405,1.265,1.614,1.204,1.266,1.966,2017
Norway,NOR,1.3,1.258,1.822,1.516,2.0,1.0,1.0,1.0,1.0,1.0,2.847,1.169,1.0,1.0,1.731,1.691,1.02,1.342,3.491,1.0,2.0,1.625,1.0,1.416,1.273,1.63,1.185,1.259,2.063,2018
Norway,NOR,1.35,1.266,1.815,1.516,2.0,1.0,1.25,1.0,1.0,1.0,4.055,1.093,1.0,1.0,1.736,1.665,1.006,1.327,3.342,1.0,2.0,1.6,1.0,1.447,1.34,1.608,1.207,1.256,2.172,2019
Norway,NOR,1.35,1.236,1.81,1.429,2.0,1.0,2.25,1.0,1.0,1.0,5.0,1.4,1.0,1.0,1.784,1.661,1.0,1.358,3.021,1.0,2.0,1.525,1.0,1.498,1.447,1.574,1.302,1.249,2.237,2020
Paraguay,PRY,3.75,4.348,2.518,1.762,4.0,1.0,1.5,3.0,2.75,3.0,1.012,1.785,1.0,1.0,1.258,1.258,2.763,1.004,1.0,1.001,1.0,1.0,1.0,1.867,2.337,1.162,2.605,1.0,1.8,2008
Paraguay,PRY,3.7,4.408,2.503,1.762,4.0,2.0,1.5,3.0,2.75,3.0,1.012,1.785,1.0,1.0,1.258,1.268,2.763,1.004,1.0,1.001,1.0,1.0,1.0,1.931,2.443,1.162,2.606,1.201,1.801,2009
Paraguay,PRY,3.95,4.484,2.622,1.786,4.0,3.0,1.5,3.0,2.75,3.0,1.002,1.785,1.0,1.0,1.268,1.268,2.763,1.004,1.0,1.0,1.0,1.0,1.0,2.012,2.579,1.163,2.649,1.403,1.801,2010
Paraguay,PRY,4.05,4.448,2.658,1.786,4.0,3.0,1.5,3.0,2.75,2.0,1.007,1.785,1.0,1.0,1.282,1.254,1.8,1.004,1.0,1.0,1.0,1.0,1.0,1.938,2.5,1.095,2.54,1.403,1.688,2011
Paraguay,PRY,3.95,4.291,2.436,1.976,4.0,3.0,1.5,3.0,2.75,3.0,1.026,1.785,1.0,1.0,1.359,1.254,1.0,1.004,1.0,1.001,1.0,1.0,1.0,1.956,2.564,1.044,2.627,1.403,1.605,2012
Paraguay,PRY,3.75,4.13,2.483,1.976,4.0,3.0,1.5,3.0,2.75,2.5,1.042,1.559,1.0,1.0,1.473,1.251,1.0,1.004,1.0,1.001,3.0,1.0,1.0,2.056,2.49,1.405,2.523,1.805,1.62,2013
Paraguay,PRY,4.2,4.101,2.433,2.254,4.0,3.0,1.5,3.0,2.75,2.0,1.042,2.334,1.0,1.0,1.445,1.245,2.093,1.004,1.0,1.001,2.0,1.0,1.0,2.034,2.521,1.303,2.566,1.604,1.745,2014
Paraguay,PRY,4.35,4.01,2.368,2.254,4.0,3.0,1.5,3.0,2.25,3.0,1.041,2.11,1.0,1.0,1.373,1.267,2.595,1.004,1.0,1.0,2.0,1.0,1.0,2.065,2.551,1.335,2.608,1.604,1.798,2015
Paraguay,PRY,3.9,3.881,2.366,2.548,4.0,3.0,1.5,4.0,2.125,2.0,1.034,2.327,1.0,1.0,1.411,1.263,1.962,1.004,1.0,1.0,2.0,1.2,1.0,2.041,2.528,1.309,2.577,1.622,1.727,2016
Paraguay,PRY,3.5,4.002,2.318,2.548,4.0,3.0,2.0,4.0,1.875,1.5,1.015,2.361,1.04,1.0,1.354,1.259,1.612,1.004,1.0,1.0,2.0,1.4,1.0,2.009,2.484,1.296,2.51,1.649,1.676,2017
Paraguay,PRY,3.45,4.07,2.299,2.683,4.0,3.0,1.75,4.0,1.75,1.5,1.0,2.108,1.0,1.0,1.335,1.255,3.29,1.004,1.0,1.0,2.0,1.4,1.0,2.036,2.452,1.413,2.472,1.641,1.869,2018
Paraguay,PRY,3.4,3.634,2.28,2.683,4.0,3.0,1.75,4.0,1.75,2.5,1.0,2.006,1.04,1.0,1.363,1.281,3.423,1.004,1.0,1.0,2.0,1.4,1.0,2.067,2.495,1.426,2.526,1.649,1.891,2019
Paraguay,PRY,3.55,3.433,2.263,2.54,4.0,3.0,2.25,4.0,1.75,2.0,1.004,1.86,1.0,1.0,1.359,1.325,4.317,1.004,1.0,1.0,1.0,1.4,1.0,2.0,2.456,1.316,2.478,1.439,2.001,2020
Peru,PER,3.35,2.927,2.261,2.206,3.0,2.0,1.0,4.0,2.375,3.0,1.389,2.499,2.007,1.053,1.559,1.523,3.805,1.298,1.005,1.009,2.0,1.0,1.0,2.047,2.421,1.485,2.491,1.611,1.909,2008
Peru,PER,3.7,2.917,2.329,2.206,3.0,2.0,1.0,4.0,2.25,1.5,1.375,2.499,2.015,1.105,1.559,1.596,3.805,1.312,1.005,1.008,2.0,1.0,1.0,1.985,2.313,1.492,2.335,1.618,1.919,2009
Peru,PER,3.75,2.907,2.49,2.246,3.5,2.0,1.0,4.0,2.25,2.0,1.371,2.499,2.03,1.158,1.588,1.596,3.805,1.326,1.0,1.007,2.0,1.0,1.0,2.042,2.406,1.494,2.415,1.626,2.012,2010
Peru,PER,3.65,2.899,2.593,2.246,3.0,2.0,1.0,4.0,2.25,2.5,1.216,2.499,2.004,1.211,1.612,1.576,3.481,1.34,1.0,1.007,1.5,1.0,1.0,2.0,2.41,1.385,2.473,1.526,1.87,2011
Peru,PER,3.75,2.89,2.583,2.563,3.0,2.0,1.0,4.0,2.375,2.5,1.157,2.499,1.6,1.211,1.516,1.576,4.289,1.355,1.0,1.006,1.5,1.0,1.0,2.015,2.4,1.437,2.523,1.444,1.95,2012
Peru,PER,3.6,2.88,2.576,2.563,3.0,2.0,1.0,4.0,2.5,2.5,1.077,2.538,1.0,1.158,1.507,1.568,3.489,1.369,1.0,1.006,2.0,1.0,1.0,1.987,2.332,1.469,2.525,1.419,1.846,2013
Peru,PER,3.85,3.165,2.602,2.857,3.0,2.0,1.0,4.0,2.25,3.0,1.083,2.476,1.12,1.105,1.521,1.561,1.757,1.383,1.0,1.005,2.0,1.0,1.0,1.992,2.421,1.348,2.634,1.438,1.647,2014
Peru,PER,3.65,3.188,2.613,2.857,3.0,2.0,2.0,3.0,2.25,3.0,1.133,2.399,1.56,1.053,1.564,1.58,2.828,1.387,1.0,1.005,2.0,1.0,1.0,2.031,2.432,1.429,2.586,1.521,1.786,2015
Peru,PER,3.9,3.223,2.745,3.039,3.0,2.0,1.75,3.0,2.25,3.0,1.207,2.371,1.36,1.0,1.55,1.404,2.097,1.36,1.0,1.004,2.0,1.2,1.0,2.01,2.433,1.377,2.616,1.493,1.682,2016
Peru,PER,3.7,3.344,2.799,3.039,3.0,2.0,2.5,3.0,2.0,2.0,1.247,2.384,1.44,1.0,1.54,1.399,1.731,1.363,1.0,1.003,2.0,1.4,1.0,1.978,2.387,1.366,2.537,1.528,1.643,2017
Peru,PER,3.7,3.472,2.961,3.181,3.0,2.0,2.5,3.0,1.625,2.0,1.254,2.255,1.28,1.0,1.478,1.393,1.731,1.358,1.0,1.003,2.0,1.4,1.0,1.962,2.363,1.361,2.528,1.496,1.634,2018
Peru,PER,3.55,3.485,2.92,3.181,3.0,2.0,2.5,3.0,1.375,2.0,1.287,2.248,1.0,1.0,1.478,1.386,2.853,1.366,1.0,1.003,2.0,1.6,1.0,1.964,2.303,1.457,2.482,1.458,1.771,2019
Peru,PER,3.7,3.422,3.017,3.22,3.0,2.0,2.5,3.0,1.375,2.0,1.217,2.082,1.08,1.0,1.459,1.379,4.009,1.364,1.0,1.003,2.0,1.8,1.0,2.009,2.314,1.552,2.49,1.492,1.895,2020
Poland,POL,2.75,1.941,2.301,2.73,2.0,1.0,1.5,2.0,1.375,1.5,1.759,1.0,1.0,1.0,1.837,1.536,1.0,1.309,1.424,1.003,2.0,1.925,1.0,1.57,1.665,1.427,1.798,1.286,1.557,2008
Poland,POL,2.4,1.942,2.293,2.73,2.0,1.0,1.5,2.0,1.25,2.0,1.869,1.0,1.0,1.0,1.837,1.487,1.0,1.313,1.417,1.002,2.0,2.125,1.0,1.583,1.679,1.439,1.81,1.305,1.563,2009
Poland,POL,2.5,1.429,2.324,2.683,2.0,1.0,1.5,2.0,1.25,1.5,1.86,1.0,1.0,1.0,1.865,1.487,1.0,1.317,1.437,1.002,3.0,2.275,1.0,1.612,1.598,1.632,1.698,1.52,1.57,2010
Poland,POL,2.45,1.509,2.302,2.683,2.0,1.0,1.5,2.0,1.25,1.5,1.884,1.0,1.0,1.0,1.851,1.399,1.346,1.32,1.443,1.002,2.0,2.175,1.0,1.547,1.602,1.466,1.701,1.309,1.603,2011
Poland,POL,2.4,1.504,2.28,2.754,2.0,1.0,1.5,2.0,1.25,1.5,1.773,1.0,1.0,1.0,1.841,1.398,1.216,1.324,1.247,1.002,2.0,2.0,1.0,1.526,1.596,1.421,1.701,1.293,1.539,2012
Poland,POL,2.25,1.552,2.276,2.754,2.0,1.0,1.5,2.0,1.25,1.5,1.504,1.0,1.0,1.0,1.827,1.383,1.216,1.328,1.153,1.001,2.0,1.875,1.0,1.507,1.579,1.399,1.693,1.282,1.488,2013
Poland,POL,2.25,1.534,2.259,2.619,2.0,1.0,1.5,2.0,1.25,1.5,1.321,1.0,1.0,1.0,1.827,1.391,1.003,1.332,1.205,1.001,2.0,1.75,1.0,1.489,1.561,1.381,1.677,1.27,1.453,2014
Poland,POL,2.55,1.399,2.278,2.619,2.0,1.0,2.0,2.0,1.375,1.0,1.349,1.0,1.0,1.0,1.899,1.394,1.081,1.335,1.175,1.001,2.0,1.625,1.0,1.494,1.571,1.379,1.689,1.259,1.469,2015
Poland,POL,2.2,1.375,2.292,2.492,2.0,1.0,1.5,2.0,2.0,1.0,1.331,1.0,1.0,1.0,2.013,1.394,1.56,1.339,1.157,1.001,2.0,1.625,1.0,1.503,1.56,1.419,1.675,1.259,1.534,2016
Poland,POL,2.15,1.39,2.292,2.492,2.0,2.0,2.75,2.0,2.625,1.0,1.297,1.0,1.0,1.0,1.927,1.394,1.339,1.339,1.155,1.001,2.0,1.5,1.0,1.631,1.793,1.387,1.856,1.448,1.494,2017
Poland,POL,2.35,1.34,2.307,2.508,2.0,2.0,2.25,2.0,2.25,1.5,1.261,1.0,1.0,1.0,1.908,1.416,2.488,1.318,1.138,1.001,2.0,1.375,1.0,1.65,1.781,1.454,1.841,1.437,1.618,2018
Poland,POL,2.05,1.375,2.291,2.508,2.0,2.0,2.5,2.0,2.125,1.5,1.227,1.0,1.0,1.0,1.966,1.468,1.873,1.316,1.042,1.001,2.0,1.25,1.0,1.62,1.767,1.398,1.825,1.426,1.538,2019
Poland,POL,2.05,1.357,2.291,2.421,2.0,2.0,3.0,2.0,2.0,2.0,1.203,1.0,1.0,1.0,1.946,1.492,1.582,1.324,1.026,1.001,2.0,1.125,1.0,1.64,1.823,1.367,1.903,1.414,1.5,2020
Portugal,PRT,2.75,1.642,3.302,1.81,1.0,1.0,1.0,1.0,1.0,2.0,1.704,1.0,1.0,1.0,1.569,1.634,1.194,1.241,1.0,1.0,1.0,1.475,1.0,1.35,1.474,1.163,1.622,1.044,1.29,2008
Portugal,PRT,2.75,1.64,3.281,1.81,1.0,1.0,1.0,1.0,1.0,2.0,1.855,1.0,1.0,1.0,1.569,1.615,1.194,1.239,1.255,1.0,1.0,1.6,1.0,1.367,1.479,1.198,1.62,1.055,1.35,2009
Portugal,PRT,2.7,1.639,3.285,1.873,1.0,1.0,1.0,1.0,1.25,2.0,2.247,1.0,1.0,1.0,1.612,1.615,1.194,1.237,1.372,1.0,1.0,1.725,1.0,1.4,1.518,1.224,1.651,1.067,1.421,2010
Portugal,PRT,2.7,1.638,3.368,1.873,1.0,1.0,1.0,1.0,1.5,2.0,3.204,1.0,1.0,1.0,1.655,1.614,1.238,1.235,1.372,1.0,1.0,1.625,1.0,1.439,1.584,1.221,1.687,1.057,1.544,2011
Portugal,PRT,2.65,1.586,3.241,2.032,1.0,1.0,1.0,1.5,1.5,1.5,3.144,1.0,1.0,1.0,1.602,1.614,2.091,1.233,1.373,1.0,1.0,1.625,1.0,1.457,1.576,1.278,1.68,1.057,1.631,2012
Portugal,PRT,2.7,1.54,3.27,2.032,1.0,1.0,2.25,1.0,1.75,2.0,3.129,1.0,1.0,1.0,1.631,1.62,2.09,1.231,1.375,1.0,1.0,1.625,1.0,1.518,1.676,1.28,1.821,1.057,1.633,2013
Portugal,PRT,2.45,1.58,3.232,2.071,1.0,1.0,2.0,1.0,1.75,1.5,2.963,1.0,1.0,1.0,1.631,1.622,1.622,1.229,1.119,1.0,1.0,1.625,1.0,1.448,1.599,1.22,1.723,1.057,1.513,2014
Portugal,PRT,2.25,1.688,3.192,2.071,1.0,1.0,1.0,1.0,1.5,2.0,2.484,1.0,1.0,1.0,1.593,1.505,1.442,1.229,1.047,1.0,1.0,1.625,1.0,1.394,1.531,1.189,1.656,1.057,1.405,2015
Portugal,PRT,2.25,1.442,3.22,2.063,1.0,1.0,1.25,1.0,1.125,1.5,1.303,1.0,1.0,1.0,1.598,1.481,1.181,1.23,1.065,1.0,1.0,1.625,1.0,1.311,1.404,1.171,1.548,1.057,1.236,2016
Portugal,PRT,2.0,1.482,3.259,2.063,1.0,1.0,1.25,1.0,1.0,1.0,1.104,1.0,1.0,1.0,1.564,1.435,1.12,1.212,1.517,1.0,1.0,1.6,1.0,1.282,1.333,1.205,1.46,1.055,1.273,2017
Portugal,PRT,2.0,1.319,3.256,1.992,1.0,1.0,1.0,1.0,1.0,1.5,1.059,1.0,1.0,1.0,1.545,1.449,1.424,1.201,1.665,1.0,1.0,1.525,1.0,1.297,1.339,1.235,1.471,1.048,1.327,2018
Portugal,PRT,1.9,1.368,3.242,1.992,1.0,1.0,1.75,1.0,1.0,1.0,1.07,1.0,1.0,1.0,1.507,1.4,1.182,1.202,1.674,1.0,1.0,1.7,1.0,1.296,1.342,1.226,1.474,1.064,1.291,2019
Portugal,PRT,1.75,1.392,3.245,1.881,1.0,1.0,2.75,1.0,1.0,1.0,1.124,1.0,1.0,1.0,1.531,1.4,1.122,1.201,1.633,1.0,1.0,1.875,1.0,1.329,1.393,1.233,1.543,1.08,1.286,2020
Romania,ROU,2.7,1.848,2.195,2.016,3.0,1.0,2.25,2.0,1.375,2.5,1.596,1.0,1.0,1.0,1.669,1.602,1.105,1.18,1.087,1.008,1.0,1.925,1.0,1.554,1.79,1.201,1.894,1.085,1.632,2008
Romania,ROU,2.7,1.908,2.209,2.016,3.0,1.0,2.25,2.0,1.5,2.5,1.642,1.0,1.0,1.0,1.669,1.516,1.105,1.182,1.056,1.008,1.0,2.125,1.0,1.568,1.808,1.208,1.917,1.103,1.622,2009
Romania,ROU,3.25,1.729,2.215,2.111,3.0,1.0,2.25,2.0,2.0,3.0,1.495,1.0,1.0,1.0,1.688,1.516,1.105,1.183,1.059,1.007,1.0,2.325,1.0,1.638,1.912,1.226,2.071,1.122,1.608,2010
Romania,ROU,2.95,1.627,2.241,2.111,3.0,1.0,2.25,2.0,2.0,2.5,1.278,1.0,1.0,1.0,1.727,1.511,1.294,1.184,1.057,1.006,1.0,2.275,1.0,1.596,1.835,1.238,1.976,1.117,1.608,2011
Romania,ROU,2.95,1.651,2.276,2.262,3.0,1.0,2.25,2.0,2.0,2.0,1.291,1.0,1.0,1.0,1.574,1.525,2.358,1.185,1.047,1.006,1.0,2.15,1.0,1.601,1.807,1.292,1.937,1.106,1.717,2012
Romania,ROU,3.0,1.506,2.224,2.262,3.0,1.0,2.25,2.0,2.0,2.0,1.238,1.0,1.0,1.0,1.588,1.504,2.316,1.186,1.004,1.005,1.0,2.025,1.0,1.585,1.793,1.274,1.919,1.094,1.698,2013
Romania,ROU,2.7,1.526,2.318,2.206,3.0,1.0,2.25,2.0,2.0,2.0,1.198,1.0,1.0,1.0,1.612,1.504,1.56,1.187,1.297,1.004,1.0,1.9,1.0,1.563,1.776,1.243,1.898,1.083,1.659,2014
Romania,ROU,3.05,1.543,2.336,2.206,3.0,1.0,2.0,2.0,1.5,2.0,1.158,1.0,1.0,1.0,1.664,1.543,2.283,1.187,1.295,1.003,1.0,1.725,1.0,1.559,1.741,1.286,1.852,1.067,1.75,2015
Romania,ROU,3.05,1.814,2.325,2.111,3.0,1.0,2.0,2.0,1.375,2.0,1.099,1.0,1.0,1.0,1.664,1.539,3.594,1.189,1.295,1.003,1.0,1.675,1.0,1.597,1.745,1.375,1.86,1.062,1.897,2016
Romania,ROU,2.85,1.853,2.316,2.111,3.0,1.0,2.0,2.0,1.25,2.0,1.168,1.0,1.0,1.0,1.712,1.542,2.605,1.198,1.297,1.002,1.0,1.8,1.0,1.564,1.727,1.319,1.831,1.073,1.796,2017
Romania,ROU,2.35,1.773,2.209,1.849,3.0,1.0,2.5,2.0,1.5,2.0,1.216,1.0,1.0,1.0,1.918,1.535,1.489,1.192,1.298,1.002,1.0,1.725,1.0,1.531,1.72,1.248,1.818,1.067,1.693,2018
Romania,ROU,2.65,1.648,2.21,1.849,3.0,1.0,1.5,2.0,1.5,2.0,1.227,1.572,1.0,1.0,1.856,1.537,2.655,1.192,1.0,1.002,1.0,1.9,1.0,1.538,1.69,1.309,1.776,1.083,1.772,2019
Romania,ROU,2.65,1.638,2.276,1.897,3.0,1.0,1.5,2.0,1.375,2.0,1.237,1.38,1.0,1.0,1.942,1.542,1.993,1.197,1.0,1.002,1.0,2.075,1.0,1.52,1.678,1.283,1.758,1.099,1.707,2020
Slovenia,SVN,2.0,1.3,2.961,1.54,1.0,2.0,1.5,1.0,1.0,1.0,1.288,1.0,1.0,1.0,1.693,1.492,1.124,1.014,1.0,1.001,2.0,1.125,1.0,1.349,1.395,1.281,1.388,1.414,1.19,2008
Slovenia,SVN,2.0,1.596,2.979,1.54,1.0,2.0,1.5,1.0,1.25,1.0,1.171,1.0,1.0,1.0,1.693,1.529,1.124,1.013,1.0,1.001,2.0,1.25,1.0,1.38,1.437,1.294,1.454,1.426,1.181,2009
Slovenia,SVN,2.0,1.247,2.921,1.508,1.0,2.0,1.5,1.0,1.0,1.0,1.122,1.0,1.0,1.0,1.784,1.529,1.124,1.012,1.0,1.001,2.0,1.375,1.0,1.351,1.379,1.31,1.376,1.437,1.186,2010
Slovenia,SVN,1.8,1.32,2.926,1.508,1.0,2.0,1.5,1.0,1.0,1.0,1.372,1.0,1.0,1.0,1.76,1.606,1.316,1.011,1.0,1.001,2.0,1.5,1.0,1.365,1.383,1.337,1.367,1.448,1.244,2011
Slovenia,SVN,1.7,1.367,2.902,1.54,1.0,2.0,1.5,1.0,1.0,1.0,1.533,1.0,1.0,1.0,1.583,1.593,2.781,1.01,1.0,1.0,2.0,1.625,1.0,1.408,1.388,1.437,1.365,1.46,1.412,2012
Slovenia,SVN,1.7,1.391,2.862,1.54,1.0,2.0,1.5,1.0,1.0,1.0,1.518,1.0,1.0,1.0,1.526,1.592,2.731,1.008,1.0,1.001,2.0,1.625,1.0,1.404,1.387,1.43,1.364,1.46,1.398,2013
Slovenia,SVN,1.9,1.341,2.795,1.571,1.0,2.0,1.25,1.0,1.0,1.0,1.518,1.0,1.0,1.0,1.464,1.591,2.757,1.007,1.0,1.0,2.0,1.625,1.0,1.397,1.377,1.427,1.35,1.46,1.393,2014
Slovenia,SVN,1.8,1.292,2.754,1.571,1.0,2.0,1.5,1.0,1.0,1.0,1.457,1.0,1.0,1.0,1.516,1.561,2.557,1.006,1.0,1.0,2.0,1.625,1.0,1.392,1.378,1.414,1.354,1.46,1.365,2015
Slovenia,SVN,1.75,1.389,2.961,1.508,1.0,2.0,1.5,1.0,1.0,1.0,1.188,1.0,1.0,1.0,1.497,1.561,1.801,1.006,1.0,1.0,2.0,1.625,1.0,1.372,1.38,1.359,1.374,1.46,1.242,2016
Slovenia,SVN,1.65,1.486,2.983,1.508,1.0,2.0,1.25,1.0,1.0,1.0,1.007,1.0,1.0,1.0,1.483,1.535,1.513,1.006,1.132,1.0,2.0,1.5,1.0,1.352,1.36,1.34,1.356,1.448,1.205,2017
Slovenia,SVN,1.6,1.242,2.993,1.524,1.0,2.0,1.25,1.0,1.0,1.0,1.007,1.0,1.0,1.0,1.473,1.534,2.143,1.006,1.132,1.0,2.0,1.375,1.0,1.352,1.338,1.374,1.326,1.437,1.278,2018
Slovenia,SVN,1.45,1.461,2.738,1.524,1.0,2.0,1.25,1.0,1.0,1.0,1.007,1.0,1.0,1.0,1.531,1.532,1.492,1.006,1.131,1.0,2.0,1.25,1.0,1.327,1.331,1.321,1.316,1.426,1.208,2019
Slovenia,SVN,1.5,1.218,2.713,1.46,1.0,2.0,1.5,1.0,1.0,1.0,1.0,1.0,1.0,1.0,1.554,1.529,1.328,1.006,1.13,1.0,2.0,1.125,1.0,1.315,1.324,1.301,1.306,1.414,1.19,2020
Spain,ESP,2.8,1.532,2.679,2.214,2.0,2.0,2.25,2.0,1.25,2.0,1.474,2.101,1.0,1.0,1.574,1.507,2.715,1.973,2.07,1.0,1.0,1.625,1.0,1.692,1.843,1.465,1.916,1.259,1.922,2008
Spain,ESP,2.5,1.53,2.712,2.214,2.0,2.0,2.25,2.0,1.25,2.5,1.496,2.101,1.08,1.0,1.574,1.499,2.715,1.948,2.362,1.0,1.0,1.7,1.0,1.726,1.878,1.499,1.951,1.282,1.97,2009
Spain,ESP,2.9,1.44,2.784,2.31,2.0,2.0,2.25,2.0,1.25,2.5,1.471,2.101,1.12,1.0,1.569,1.499,2.715,1.923,2.892,1.0,1.0,1.775,1.0,1.769,1.909,1.558,1.991,1.297,2.056,2010
Spain,ESP,2.25,1.442,2.852,2.31,2.0,2.0,2.25,2.0,1.25,2.0,1.443,2.101,1.0,1.0,1.531,1.468,1.843,1.898,2.977,1.0,1.0,1.675,1.0,1.686,1.817,1.49,1.881,1.263,1.953,2011
Spain,ESP,2.45,1.428,2.906,2.198,2.0,1.0,2.25,2.0,1.375,1.5,1.399,2.101,1.0,1.0,1.497,1.471,2.228,1.873,3.027,1.0,1.0,1.625,1.0,1.617,1.686,1.513,1.848,1.057,1.993,2012
Spain,ESP,2.0,1.41,2.927,2.198,2.0,1.0,3.25,2.0,1.375,1.5,1.362,1.807,1.0,1.0,1.464,1.446,1.875,1.848,2.817,1.0,1.0,1.625,1.0,1.608,1.707,1.459,1.879,1.057,1.899,2013
Spain,ESP,2.15,1.387,2.907,2.143,2.0,1.0,3.0,2.0,1.5,1.5,1.307,1.474,1.0,1.0,1.425,1.437,1.35,1.823,2.721,1.0,1.0,1.625,1.0,1.575,1.688,1.406,1.856,1.057,1.804,2014
Spain,ESP,1.75,1.322,2.877,2.143,2.0,1.0,3.25,2.0,1.75,1.0,1.272,1.317,1.0,1.0,1.406,1.433,1.0,1.813,2.714,1.0,1.0,1.625,1.0,1.536,1.642,1.378,1.794,1.057,1.753,2015
Spain,ESP,1.9,1.345,2.849,2.056,2.0,1.0,2.5,2.0,1.75,1.5,1.237,1.177,1.0,1.0,1.397,1.397,1.477,1.853,3.128,1.0,1.0,1.625,1.0,1.563,1.633,1.456,1.784,1.057,1.88,2016
Spain,ESP,1.8,1.324,2.819,2.056,2.0,1.0,2.5,2.0,1.75,1.5,1.218,1.233,1.0,1.0,1.382,1.401,1.286,1.868,2.825,1.0,1.0,1.5,1.0,1.536,1.625,1.402,1.773,1.046,1.803,2017
Spain,ESP,1.9,1.314,2.796,2.016,2.0,2.0,2.75,2.0,1.625,2.0,1.177,2.675,1.64,1.211,1.44,1.393,1.288,1.869,3.141,1.0,1.0,1.375,1.0,1.721,1.916,1.429,1.926,1.386,1.86,2018
Spain,ESP,1.75,1.328,2.788,2.016,2.0,2.0,3.25,2.0,1.625,2.0,1.175,2.414,1.0,1.211,1.483,1.388,1.173,1.887,3.278,1.0,1.0,1.45,1.0,1.695,1.861,1.446,1.943,1.264,1.878,2019
Spain,ESP,2.05,1.307,2.796,1.929,2.0,2.0,3.25,2.0,1.5,2.0,1.152,2.17,1.0,1.211,1.468,1.386,1.115,1.884,2.893,1.0,1.0,1.625,1.0,1.676,1.851,1.414,1.931,1.28,1.798,2020
Sweden,SWE,2.35,1.501,1.959,1.595,2.0,1.0,1.25,1.0,1.0,1.0,1.549,1.357,1.0,1.0,1.617,1.435,1.22,1.837,5.0,1.0,1.0,1.125,1.0,1.451,1.342,1.613,1.358,1.011,2.244,2008
Sweden,SWE,2.5,1.606,1.976,1.595,2.0,1.0,1.25,1.0,1.0,1.0,1.523,1.357,1.0,1.0,1.617,1.28,1.22,1.757,5.0,1.0,1.0,1.25,1.0,1.458,1.361,1.604,1.385,1.023,2.209,2009
Sweden,SWE,2.35,1.445,1.994,1.587,2.0,1.0,1.25,1.0,1.0,1.0,1.471,1.357,1.0,1.0,1.645,1.28,1.22,1.677,5.0,1.0,1.0,1.375,1.0,1.445,1.336,1.607,1.354,1.034,2.192,2010
Sweden,SWE,1.9,1.5,2.029,1.587,2.0,1.0,1.25,1.0,1.0,1.0,1.352,1.357,1.0,1.0,1.612,1.337,1.38,1.598,5.0,1.0,1.0,1.5,1.0,1.434,1.309,1.622,1.324,1.046,2.186,2011
Sweden,SWE,1.95,1.485,2.082,1.548,2.0,1.0,1.25,1.0,1.0,1.0,1.443,1.357,1.0,1.0,1.583,1.32,1.263,1.518,5.0,1.0,1.0,1.625,1.0,1.434,1.316,1.612,1.328,1.057,2.163,2012
Sweden,SWE,1.75,1.429,2.079,1.548,2.0,1.0,1.25,1.0,1.0,1.0,1.659,1.21,1.0,1.0,1.588,1.334,1.215,1.438,5.0,1.0,1.0,1.625,1.0,1.421,1.301,1.602,1.295,1.057,2.171,2013
Sweden,SWE,1.9,1.357,2.045,1.484,2.0,1.0,1.25,1.0,1.0,1.0,1.657,1.106,1.0,1.0,1.578,1.237,1.028,1.358,5.0,1.0,1.0,1.625,1.0,1.405,1.294,1.572,1.285,1.057,2.122,2014
Sweden,SWE,2.0,1.453,2.037,1.484,2.0,1.0,1.25,1.0,1.0,1.0,1.69,1.024,1.0,1.0,1.593,1.186,1.029,1.296,5.0,1.0,1.0,1.675,1.0,1.411,1.306,1.567,1.299,1.062,2.111,2015
Sweden,SWE,2.05,1.449,2.004,1.46,2.0,1.0,1.5,1.0,1.0,1.0,1.717,1.754,1.0,1.0,1.545,1.461,1.26,1.296,5.0,1.0,1.0,1.725,1.0,1.453,1.353,1.604,1.363,1.067,2.168,2016
Sweden,SWE,2.05,1.571,2.016,1.46,2.0,1.0,2.0,1.0,1.0,1.0,1.548,1.631,1.0,1.0,1.535,1.456,1.157,1.297,5.0,1.0,2.0,1.7,1.0,1.538,1.383,1.77,1.415,1.266,2.134,2017
Sweden,SWE,2.1,1.534,2.009,1.5,2.0,1.0,1.75,1.0,1.0,1.0,1.307,2.06,1.2,1.211,1.531,1.45,1.126,1.296,4.359,1.0,2.0,1.625,1.0,1.523,1.41,1.693,1.422,1.321,1.988,2018
Sweden,SWE,2.0,1.562,1.981,1.5,2.0,1.0,1.25,2.0,1.0,1.0,1.239,1.833,1.0,1.211,1.54,1.444,1.069,1.296,3.661,1.0,2.0,1.8,1.0,1.506,1.423,1.629,1.474,1.296,1.85,2019
Sweden,SWE,2.0,1.53,1.985,1.579,2.0,1.0,2.5,2.0,1.0,1.0,1.188,1.646,1.0,1.211,1.574,1.224,1.046,1.296,3.058,1.0,2.0,1.925,1.0,1.521,1.495,1.561,1.577,1.308,1.713,2020
Switzerland,CHE,2.05,1.575,2.113,1.595,2.0,1.0,1.0,1.0,1.0,1.5,2.244,1.389,1.0,1.0,1.354,1.269,1.253,1.128,5.0,1.0,1.0,1.125,1.0,1.442,1.396,1.51,1.393,1.011,2.154,2008
Switzerland,CHE,2.05,1.57,2.073,1.595,2.0,1.0,1.0,1.0,1.0,2.0,2.044,1.389,1.0,1.0,1.354,1.454,1.253,1.126,5.0,1.0,1.0,1.25,1.0,1.469,1.427,1.533,1.447,1.023,2.152,2009
Switzerland,CHE,2.05,1.562,2.068,1.627,2.0,1.0,1.0,1.0,1.0,2.0,1.733,1.389,1.0,1.0,1.363,1.454,1.253,1.124,5.0,1.0,1.0,1.25,1.0,1.462,1.415,1.533,1.449,1.023,2.116,2010
Switzerland,CHE,2.05,1.329,2.102,1.627,2.0,1.0,1.0,1.0,1.0,1.5,1.502,1.389,1.0,1.0,1.368,1.502,1.41,1.122,5.0,1.0,1.0,1.25,1.0,1.427,1.346,1.548,1.366,1.023,2.114,2011
Switzerland,CHE,2.05,1.332,2.099,1.651,2.0,1.0,1.0,1.0,1.0,1.0,1.4,1.389,1.0,1.0,1.363,1.479,1.22,1.119,5.0,1.0,1.0,1.25,1.0,1.393,1.301,1.532,1.309,1.023,2.075,2012
Switzerland,CHE,1.95,1.29,2.091,1.651,2.0,1.0,1.0,1.0,1.0,1.0,1.22,1.233,1.0,1.0,1.335,1.437,1.22,1.117,5.0,1.0,1.0,1.125,1.0,1.373,1.276,1.517,1.285,1.011,2.046,2013
Switzerland,CHE,1.95,1.281,2.102,1.667,2.0,1.0,1.0,1.0,1.0,1.0,1.195,1.133,1.0,1.0,1.344,1.434,1.095,1.115,5.0,1.0,1.0,1.0,1.0,1.363,1.272,1.498,1.281,1.0,2.028,2014
Switzerland,CHE,1.9,1.352,2.101,1.667,2.0,1.0,1.5,1.0,1.0,1.0,1.14,1.067,1.0,1.0,1.339,1.394,1.044,1.113,5.0,1.0,1.0,1.0,1.0,1.377,1.301,1.491,1.325,1.0,2.01,2015
Switzerland,CHE,1.55,1.25,2.088,1.651,2.0,1.0,1.25,1.0,1.0,1.0,1.085,1.035,1.0,1.0,1.33,1.382,1.0,1.113,5.0,1.0,1.0,1.0,1.0,1.344,1.249,1.487,1.255,1.0,1.996,2016
Switzerland,CHE,1.75,1.344,2.095,1.651,2.0,1.0,1.25,1.0,1.0,1.0,1.155,1.0,1.0,1.0,1.325,1.38,1.0,1.113,5.0,1.0,1.0,1.1,1.0,1.361,1.272,1.494,1.283,1.009,2.003,2017
Switzerland,CHE,1.7,1.268,2.09,1.651,2.0,1.0,1.25,1.0,1.0,1.5,1.146,1.169,1.0,1.0,1.33,1.377,1.0,1.113,5.0,1.0,1.0,1.15,1.0,1.386,1.311,1.498,1.338,1.014,2.003,2018
Switzerland,CHE,1.5,1.266,2.088,1.651,2.0,1.0,1.25,1.0,1.0,1.0,1.141,1.419,1.0,1.0,1.315,1.383,1.0,1.102,5.0,1.0,1.0,1.25,1.0,1.361,1.266,1.505,1.276,1.023,1.999,2019
Switzerland,CHE,1.55,1.293,2.081,1.635,2.0,1.0,2.5,1.0,1.0,1.0,1.132,1.261,1.0,1.0,1.354,1.38,1.0,1.106,5.0,1.0,1.0,1.35,1.0,1.411,1.342,1.516,1.382,1.032,2.003,2020
Thailand,THA,2.5,3.26,2.604,3.205,2.0,3.0,1.25,4.0,3.625,4.0,1.101,3.742,2.506,1.105,1.703,1.709,1.212,1.655,1.038,1.001,2.0,1.0,1.0,2.24,2.823,1.365,2.933,1.918,1.502,2008
Thailand,THA,2.45,3.152,2.591,3.205,2.0,3.0,1.25,4.0,3.625,4.0,1.077,3.742,2.311,1.263,1.703,1.696,1.212,1.628,1.035,1.001,3.0,1.0,1.08,2.299,2.797,1.552,2.914,2.112,1.492,2009
Thailand,THA,2.65,2.969,2.579,3.48,2.0,3.0,1.25,4.0,3.25,3.5,1.061,3.742,2.239,1.368,1.832,1.696,1.212,1.6,1.032,1.0,3.0,1.0,1.08,2.264,2.735,1.558,2.83,2.109,1.5,2010
Thailand,THA,2.85,2.859,2.484,3.48,2.0,3.0,2.75,4.0,3.25,3.0,1.05,3.742,2.201,1.526,1.679,1.682,1.507,1.573,1.031,1.0,3.0,1.0,1.0,2.293,2.789,1.55,2.9,2.101,1.509,2011
Thailand,THA,2.25,2.832,2.506,3.74,2.0,3.0,2.0,4.0,3.125,4.0,1.08,3.742,2.258,1.684,1.712,1.682,1.222,1.546,1.0,1.0,3.0,1.0,1.08,2.301,2.808,1.54,2.906,2.145,1.472,2012
Thailand,THA,2.3,2.698,2.49,3.74,2.0,3.0,1.75,4.0,3.0,3.5,1.133,3.767,2.225,1.684,1.65,1.797,1.222,1.519,1.0,1.0,3.0,1.0,1.0,2.249,2.731,1.527,2.799,2.122,1.48,2013
Thailand,THA,2.45,2.691,2.481,4.643,2.0,3.0,2.5,4.0,3.0,3.5,1.203,3.752,2.23,1.632,1.669,1.819,1.085,1.492,1.0,1.0,3.0,1.0,1.0,2.313,2.843,1.517,2.956,2.118,1.472,2014
Thailand,THA,2.35,2.684,2.472,4.643,2.0,3.0,3.0,3.5,3.25,3.0,1.21,3.712,2.077,1.632,1.66,1.476,1.236,1.472,1.0,1.0,3.0,1.0,1.0,2.272,2.787,1.501,2.899,2.087,1.446,2015
Thailand,THA,2.5,2.678,2.489,4.46,2.0,3.0,2.25,3.0,3.25,3.0,1.234,3.646,2.061,1.579,1.669,1.777,1.145,1.474,1.0,1.0,2.0,1.2,1.0,2.156,2.69,1.356,2.768,1.895,1.475,2016
Thailand,THA,2.5,2.672,2.558,4.46,2.0,3.0,2.5,3.0,3.125,3.5,1.25,3.581,2.045,1.474,1.674,1.774,1.074,1.453,1.001,1.0,2.0,1.4,1.0,2.185,2.731,1.365,2.835,1.9,1.465,2017
Thailand,THA,2.55,2.667,2.551,5.0,2.0,3.0,1.75,3.0,3.0,3.0,1.258,3.485,2.026,1.421,1.66,1.771,1.889,1.459,1.002,1.0,2.0,1.4,1.0,2.164,2.659,1.422,2.741,1.89,1.561,2018
Thailand,THA,2.35,2.662,2.544,5.0,2.0,3.0,1.75,3.0,3.0,3.5,1.307,3.373,2.037,1.421,1.636,1.768,1.489,1.465,1.002,1.0,2.0,1.4,1.0,2.169,2.686,1.392,2.774,1.893,1.518,2019
Thailand,THA,2.7,2.658,2.54,5.0,2.0,3.0,2.0,3.0,2.5,4.0,1.343,3.329,2.036,1.368,1.641,1.767,1.326,1.489,1.002,1.0,2.0,1.4,1.0,2.186,2.72,1.384,2.824,1.887,1.507,2020
Turkiye,TUR,3.3,2.631,3.325,2.143,2.5,4.0,2.5,3.0,2.5,3.5,1.566,3.598,2.489,1.053,1.87,2.056,1.248,2.457,1.095,1.104,3.0,1.175,1.0,2.362,2.803,1.701,2.704,2.328,1.861,2008
Turkiye,TUR,3.0,2.772,3.377,2.143,3.0,4.5,2.5,3.0,2.75,4.0,1.621,3.598,2.478,1.105,1.87,2.08,1.248,2.449,1.123,1.099,3.0,1.25,2.002,2.525,2.95,1.887,2.786,2.64,1.962,2009
Turkiye,TUR,3.85,2.638,3.402,2.302,3.0,4.0,2.5,3.0,2.75,3.5,1.704,3.598,2.116,1.158,1.994,2.08,1.248,2.442,1.14,1.067,2.5,1.375,1.0,2.381,2.878,1.637,2.799,2.181,1.988,2010
Turkiye,TUR,2.95,2.624,3.54,2.302,3.0,4.0,2.5,3.0,2.75,3.5,1.58,3.598,2.214,1.211,1.894,2.049,1.395,2.434,1.155,1.066,2.0,1.5,1.0,2.326,2.836,1.56,2.73,2.117,1.977,2011
Turkiye,TUR,3.4,2.544,3.532,2.429,3.0,4.0,2.5,3.0,2.5,3.0,1.615,3.598,2.395,1.316,1.808,2.049,1.248,2.426,1.161,1.062,2.0,1.625,1.0,2.318,2.829,1.553,2.682,2.176,1.953,2012
Turkiye,TUR,3.1,2.531,3.496,2.429,3.0,4.0,2.25,3.0,2.5,3.0,1.751,3.716,2.784,1.526,1.774,2.04,1.192,2.419,1.181,1.059,3.0,1.625,1.0,2.402,2.853,1.724,2.636,2.477,1.96,2013
Turkiye,TUR,2.75,2.569,3.513,2.619,3.0,3.0,3.0,3.0,2.5,3.0,1.76,3.541,2.051,1.632,1.75,2.03,1.036,2.412,1.185,1.029,3.0,1.625,1.0,2.309,2.711,1.706,2.68,2.139,1.938,2014
Turkiye,TUR,2.9,2.552,3.473,2.619,3.0,3.0,3.5,3.0,2.75,4.0,1.885,3.281,1.44,1.579,1.698,1.994,1.046,2.402,1.209,1.027,3.0,1.625,1.0,2.349,2.781,1.702,2.863,2.011,1.946,2015
Turkiye,TUR,2.85,2.53,3.422,2.992,3.0,4.0,3.25,3.0,3.125,3.5,1.859,3.768,3.015,1.842,1.65,1.97,1.232,2.388,1.256,1.025,4.0,1.625,1.0,2.6,3.074,1.89,2.876,2.757,1.962,2016
Turkiye,TUR,2.75,2.198,3.253,2.992,3.0,4.0,2.75,3.0,3.375,4.0,1.769,4.083,3.139,2.421,1.746,1.661,1.138,2.391,1.302,1.023,4.0,1.8,2.05,2.698,3.114,2.073,2.876,3.07,1.924,2017
Turkiye,TUR,2.95,2.328,3.228,3.567,3.0,4.0,2.25,3.0,3.25,4.5,1.581,3.925,2.441,2.474,1.727,1.65,1.02,2.427,1.308,1.024,5.0,1.725,2.046,2.747,3.088,2.237,2.948,3.128,1.892,2018
Turkiye,TUR,3.05,2.264,3.352,3.567,3.0,4.0,1.75,3.0,3.5,4.5,1.525,3.724,2.426,2.579,1.789,1.639,1.011,2.455,1.338,1.027,5.0,1.6,1.56,2.708,3.079,2.15,2.934,3.027,1.9,2019
Turkiye,TUR,2.75,2.14,3.792,3.528,3.0,4.0,1.75,3.0,3.75,5.0,1.397,3.543,2.289,2.842,1.76,1.632,1.018,2.462,1.371,1.032,5.0,1.575,1.6,2.738,3.125,2.158,3.007,3.032,1.889,2020
Ukraine,UKR,4.0,3.064,2.765,3.732,3.0,2.0,1.0,3.0,2.875,3.0,1.0,1.838,1.0,1.0,1.478,1.518,2.18,1.527,2.14,1.018,2.0,1.25,1.0,2.056,2.407,1.53,2.647,1.426,1.903,2008
Ukraine,UKR,3.75,2.906,2.773,3.52,3.0,2.0,1.0,3.0,3.125,3.0,1.0,1.838,1.0,1.0,1.478,1.43,2.18,1.527,2.195,1.02,3.0,1.25,1.0,2.115,2.386,1.707,2.618,1.627,1.902,2009
Ukraine,UKR,4.05,2.817,2.833,3.52,3.0,2.0,1.0,3.0,3.5,3.0,1.0,1.838,1.0,1.0,1.507,1.43,2.18,1.527,2.344,1.017,3.0,1.375,1.0,2.154,2.433,1.734,2.683,1.638,1.932,2010
Ukraine,UKR,3.7,2.701,2.918,3.677,3.0,2.0,1.0,3.0,2.75,3.0,1.0,1.838,1.0,1.0,1.435,1.436,2.804,1.527,2.48,1.018,2.0,1.375,1.0,2.057,2.353,1.612,2.572,1.437,2.022,2011
Ukraine,UKR,3.2,2.57,2.902,3.677,3.0,2.0,1.0,3.0,2.875,2.5,1.0,1.838,1.0,1.0,1.488,1.434,2.24,1.527,2.506,1.018,2.0,1.375,1.0,1.998,2.278,1.578,2.467,1.437,1.966,2012
Ukraine,UKR,3.2,2.573,2.908,3.567,3.0,2.0,1.5,3.0,3.0,3.0,1.0,2.059,1.0,1.0,1.559,1.435,2.24,1.527,3.012,1.018,3.0,1.5,1.0,2.149,2.365,1.824,2.588,1.65,2.064,2013
Ukraine,UKR,3.5,2.764,2.912,3.567,3.0,4.0,2.5,3.0,3.5,3.0,1.0,1.858,1.0,1.0,1.502,1.437,1.252,1.527,3.186,1.004,5.0,1.625,1.0,2.477,2.708,2.13,2.771,2.466,1.972,2014
Ukraine,UKR,3.3,2.766,2.915,2.429,4.0,5.0,3.5,4.0,3.5,3.0,1.008,1.926,3.985,1.737,1.822,1.402,1.704,1.561,3.305,1.761,5.0,1.625,1.0,2.9,3.296,2.306,2.953,3.344,2.263,2015
Ukraine,UKR,3.35,3.047,2.922,2.429,4.0,5.0,1.5,4.0,3.5,4.0,1.014,2.784,3.197,1.947,2.166,1.677,3.36,1.336,3.186,2.385,5.0,1.625,1.0,2.955,3.246,2.518,3.056,3.208,2.471,2016
Ukraine,UKR,3.0,3.054,2.93,2.183,4.0,5.0,2.25,4.0,3.375,4.0,1.016,2.578,2.238,2.0,2.19,1.696,2.444,1.339,3.13,2.475,5.0,1.5,1.0,2.865,3.139,2.454,3.055,3.008,2.359,2017
Ukraine,UKR,2.9,3.059,2.937,2.183,4.0,5.0,2.5,4.0,3.5,4.0,1.017,2.426,2.402,2.053,2.033,1.699,1.282,1.34,2.475,2.409,5.0,1.375,1.0,2.813,3.174,2.272,3.067,3.035,2.089,2018
Ukraine,UKR,3.15,3.014,2.945,2.095,4.0,5.0,1.75,4.0,3.75,3.5,1.038,2.289,2.224,2.105,2.162,1.703,1.0,1.34,2.261,2.163,5.0,1.25,1.0,2.732,3.092,2.194,2.944,2.994,2.036,2019
Ukraine,UKR,2.95,2.607,2.954,2.095,4.0,5.0,2.0,4.0,3.75,4.0,1.04,2.066,2.293,1.421,2.233,1.707,1.0,1.347,1.987,1.583,5.0,1.125,1.0,2.67,3.064,2.078,2.879,2.925,1.998,2020
United Kingdom,GBR,2.75,1.706,2.369,2.024,2.0,1.0,2.75,1.0,1.0,2.0,1.503,2.483,1.0,1.0,2.248,1.501,1.494,5.0,3.151,1.0,1.0,2.775,2.135,1.859,1.662,2.155,1.808,1.391,2.585,2008
United Kingdom,GBR,2.65,1.71,2.357,2.024,2.0,1.0,2.75,1.0,1.125,2.0,1.454,2.483,1.0,1.0,2.248,1.396,1.494,5.0,3.205,1.0,1.0,3.025,2.143,1.868,1.664,2.175,1.813,1.416,2.576,2009
United Kingdom,GBR,2.65,1.612,2.364,2.016,2.0,1.0,2.75,1.0,1.25,2.0,1.487,2.483,1.08,1.0,2.372,1.396,1.494,5.0,3.118,1.0,1.0,2.425,2.192,1.859,1.676,2.135,1.816,1.387,2.58,2010
United Kingdom,GBR,2.3,1.562,2.355,2.016,2.0,1.0,2.75,1.0,1.25,2.0,1.578,2.483,1.0,1.0,2.334,1.432,1.303,5.0,3.168,1.0,1.0,2.5,2.127,1.835,1.644,2.121,1.779,1.365,2.576,2011
United Kingdom,GBR,2.3,1.6,2.305,2.071,2.0,1.0,2.75,1.5,1.375,1.0,1.569,2.483,1.04,1.0,2.286,1.422,1.5,5.0,3.169,1.0,1.0,2.375,2.067,1.816,1.62,2.11,1.74,1.349,2.592,2012
United Kingdom,GBR,2.15,1.504,2.254,2.071,2.0,1.0,1.75,2.0,1.25,1.0,1.504,2.408,1.0,1.0,2.138,1.4,1.341,5.0,3.102,1.0,1.0,2.25,1.0,1.687,1.558,1.881,1.662,1.115,2.534,2013
United Kingdom,GBR,2.3,1.49,2.208,2.04,2.0,1.0,2.75,2.0,1.25,1.0,1.486,2.416,1.0,1.0,2.071,1.404,1.203,5.0,3.329,1.0,1.0,2.125,1.0,1.726,1.624,1.881,1.755,1.103,2.548,2014
United Kingdom,GBR,2.0,1.468,2.184,2.04,2.0,1.0,2.0,2.0,1.25,1.0,1.448,2.374,1.0,1.0,2.009,1.373,1.303,5.0,3.558,1.0,1.0,2.05,1.0,1.69,1.551,1.9,1.656,1.096,2.585,2015
United Kingdom,GBR,2.1,1.45,2.166,1.968,2.0,1.0,3.5,2.0,1.125,1.0,1.436,2.389,1.0,1.0,2.004,1.36,1.155,5.0,3.553,1.0,1.0,2.1,1.0,1.737,1.634,1.891,1.773,1.101,2.563,2016
United Kingdom,GBR,2.2,1.474,2.133,1.968,2.0,1.0,3.5,2.0,1.125,1.0,1.418,2.59,1.0,1.0,1.98,1.351,1.104,5.0,3.675,1.0,1.0,2.15,1.0,1.75,1.648,1.902,1.793,1.106,2.572,2017
United Kingdom,GBR,1.95,1.586,2.124,1.952,2.0,1.0,3.5,2.0,1.375,1.5,1.508,3.091,1.0,1.0,1.97,1.344,1.284,5.0,3.78,1.0,1.0,2.15,1.0,1.807,1.728,1.925,1.9,1.106,2.621,2018
United Kingdom,GBR,2.0,1.588,2.116,1.952,2.0,1.0,2.75,2.0,1.5,1.0,1.496,2.932,1.0,1.0,1.975,1.338,1.108,5.0,3.43,1.0,1.0,2.2,1.0,1.739,1.645,1.879,1.784,1.11,2.537,2019
United Kingdom,GBR,2.2,1.546,2.109,1.897,2.0,2.0,3.75,2.0,1.375,1.0,1.531,2.776,1.16,1.263,1.989,1.336,1.072,5.0,3.104,1.0,1.0,2.125,1.0,1.835,1.833,1.837,1.856,1.364,2.48,2020
