Country Name,Country Code,Year,"Agriculture, forestry, and fishing, value added (% of GDP)",Adjusted savings: natural resources depletion (% of GNI),Adjusted savings: net forest depletion (% of GNI),Access to electricity (% of population),Adjusted savings: energy depletion (% of GNI),Adjusted savings: carbon dioxide damage (% of GNI),Access to clean fuels and technologies for cooking (% of population),"Agriculture, forestry, and fishing, value added (annual % growth)"
Armenia,ARM,2008,17.0,0.20152935129886,0.20152935129886,99.2,0.0,1.23615941244643,94.9,3.00000001153913
Armenia,ARM,2009,19.0,0.347525102208512,0.327671638466543,99.3,0.0,1.38291022404913,95.6,5.92255381679058
Armenia,ARM,2010,16.9,1.58088088258868,0.284005045030102,99.8,0.0,1.27621271967291,96.1,-15.9057766287429
Armenia,ARM,2011,22.0,1.91609483976115,0.438087952436912,99.5,0.0,1.40306264921847,96.6,14.0000000035935
Armenia,ARM,2012,17.9126819526397,0.975899939721712,0.339468858485633,99.5,0.0,1.60944519581244,96.8,9.50000000852515
Armenia,ARM,2013,18.4347628834968,0.695341106218562,0.219209785594801,99.4,0.0,1.50617951643364,97.1,7.60000000000001
Armenia,ARM,2014,18.0720363470662,0.26569616776989,0.230507585774177,99.7,0.0,1.52093530561579,97.3,6.10000000608035
Armenia,ARM,2015,17.2231200318056,0.513002231156997,0.253862985088817,100.0,0.0,1.69086839286556,97.5,13.1999999973409
Armenia,ARM,2016,16.39047353385,0.216780401516851,0.216780401516851,99.8,0.0,1.68722361918755,97.6,-4.99999999898749
Armenia,ARM,2017,14.9942601242776,0.237460142323514,0.237460138229931,99.7,4.09358326137727e-09,1.68381423562639,97.7,-5.10000000285633
Armenia,ARM,2018,13.9423116554146,0.681367168443602,0.267995277542069,99.9,6.9336091218544606e-09,1.76730643047416,97.8,-6.90000000487413
Armenia,ARM,2019,11.5256107379588,1.19439913303945,0.249911436603519,100.0,4.65711934681501e-09,1.82336418768696,97.9,-5.79999999951748
Armenia,ARM,2020,11.3498051554549,1.11623285694115,0.274493063786905,100.0,4.3661940875878206e-09,1.90503243130788,97.9,-3.69999999446789
Austria,AUT,2008,1.38504114785417,0.175748515092689,0.0583043503539372,100.0,0.113084758281736,0.43571870188328,100.0,7.47172069844963
Austria,AUT,2009,1.17655306368833,0.118771524132107,0.0400329106931119,100.0,0.0776229563214441,0.443024369869997,100.0,-7.02867528850713
Austria,AUT,2010,1.29288595990855,0.134346763625082,0.0484573591225784,100.0,0.0812464922746426,0.505448396586171,100.0,-6.00555851192136
Austria,AUT,2011,1.46130648071081,0.156884420705329,0.0479460287329818,100.0,0.102713353962844,0.470143738047691,100.0,15.3489158550082
Austria,AUT,2012,1.41768134316306,0.168682443235827,0.0418616934623879,100.0,0.121362430517088,0.493630014642571,100.0,-6.5911077010019
Austria,AUT,2013,1.27784992108872,0.149227841292337,0.0404650786468084,100.0,0.102807587041594,0.492729210437232,100.0,-6.89768487699449
Austria,AUT,2014,1.27555801772568,0.135585373616233,0.0403134117701216,100.0,0.0920033862680556,0.471439612378293,100.0,7.99056694430809
Austria,AUT,2015,1.14362854172989,0.0923158273899009,0.0407159277667915,100.0,0.0499583558453872,0.581431471832498,100.0,-4.21017568753832
Austria,AUT,2016,1.14928264077268,0.0677950635081036,0.0348138024715943,100.0,0.0308944650482151,0.577767642266926,100.0,5.21989920392039
Austria,AUT,2017,1.19990203076681,0.0776420103252036,0.0331755870463297,100.0,0.041704775264542,0.596177045272606,100.0,-1.03817985890988
Austria,AUT,2018,1.10911414021412,0.100695375466333,0.0450196188503379,100.0,0.0556757566159948,0.548372051254847,100.0,2.84827096647255
Austria,AUT,2019,1.04463413653499,0.0769953294396026,0.0333158189096718,100.0,0.0436795105299308,0.595751007127447,100.0,-1.44773754669532
Austria,AUT,2020,1.07138113272871,0.0420824027177127,0.0227695688847169,100.0,0.0193128338329958,0.570601334873526,100.0,-3.06894322141029
Belarus,BLR,2008,8.66625369440669,0.953222849348561,0.0,93.2,0.953222849348561,2.70858823875374,98.1,8.60654614120359
Belarus,BLR,2009,8.13089893610657,0.582971057081757,0.0,93.8,0.582971057081757,3.18575449847899,98.5,0.283387303321007
Belarus,BLR,2010,8.89193022882009,0.616456716938427,0.0,94.4,0.616456716938427,3.14380807542919,98.7,2.3101624644041
Belarus,BLR,2011,8.00188774430829,0.923988873565311,0.0,95.0,0.923988873565311,2.85950494043189,99.0,7.39158389874972
Belarus,BLR,2012,8.13094268308472,0.833241769452533,0.0,95.6,0.833241769452533,2.90017289996995,99.2,6.07929793050172
Belarus,BLR,2013,6.80909244753712,0.674665253485934,0.0,96.2,0.674665253485934,2.66096742659149,99.3,-3.59657200570349
Belarus,BLR,2014,7.30305697730942,0.582752214875627,0.0,96.8,0.582752214875627,2.62056762145828,99.4,2.51130472294801
Belarus,BLR,2015,6.2832075832437,0.360540198229026,0.0,97.4,0.360540198229026,3.52603147270319,99.5,-2.4136964187097
Belarus,BLR,2016,6.89528062433517,0.31270290026627,0.0,98.0,0.31270290026627,4.35465871968589,99.5,3.93699142042712
Belarus,BLR,2017,7.56580253848292,0.402399785871238,0.0,98.7,0.402399785871238,3.97891433347243,99.6,4.39954429701115
Belarus,BLR,2018,6.59010772590188,0.658180369708939,0.0,99.3,0.658180369708939,3.98985826757181,99.7,-3.44545367012239
Belarus,BLR,2019,6.79466882799274,0.515174521131171,0.0,100.0,0.515174521131171,3.76037952551413,99.7,2.92271430343629
Belarus,BLR,2020,7.07723976895662,0.292100099087634,0.0,100.0,0.292100099087634,4.0627724042275,99.7,4.75375455005693
Belgium,BEL,2008,0.712338067185966,0.0179266058840974,0.0179266058840974,100.0,0.0,0.541555160545305,100.0,0.609864831128078
Belgium,BEL,2009,0.718679660856589,0.0170006778971711,0.0170006778971711,100.0,0.0,0.559204632448288,100.0,4.90251683800071
Belgium,BEL,2010,0.847918635049212,0.0398098652431534,0.018994257931132,100.0,0.0208156073120214,0.623937705455658,100.0,8.50538978812556
Belgium,BEL,2011,0.726239843441003,0.0528989513216863,0.0175187867748547,100.0,0.0353801645468316,0.549031035235705,100.0,0.516972905636877
Belgium,BEL,2012,0.84457469539348,0.0490222452712663,0.0149345223109174,100.0,0.0340877229603489,0.583069069412876,100.0,1.95811129012269
Belgium,BEL,2013,0.764565477908541,0.0446456773684696,0.0141359055223198,100.0,0.0305097718461498,0.583996286011436,100.0,-8.5814999392245
Belgium,BEL,2014,0.716518219283319,0.0500772787085524,0.0128936547821888,100.0,0.0371836239263636,0.55524112709379,100.0,7.58542746975137
Belgium,BEL,2015,0.750617272066574,0.0232551807362152,0.0110375471450875,100.0,0.0122176335911277,0.705499599794752,100.0,15.0775505159735
Belgium,BEL,2016,0.673190543684684,0.0196059927277674,0.0106821305442346,100.0,0.0089238621835328,0.703991276528088,100.0,-7.35917950920904
Belgium,BEL,2017,0.729532583142538,0.0253236544948642,0.0094501364017378,100.0,0.0158735180931264,0.683778612411988,100.0,4.85436893203884
Belgium,BEL,2018,0.664625571120094,0.0333638162585183,0.0106170479606182,100.0,0.0227467682979001,0.66948185740955,100.0,-9.12658927584302
Belgium,BEL,2019,0.718789583537128,0.0292646260442942,0.0083172027699912,100.0,0.0209474232743029,0.701062091308238,100.0,4.53190583368819
Belgium,BEL,2020,0.712818023641571,0.0188316271658004,0.007552600638735,100.0,0.0112790265270654,0.684119807553361,100.0,-3.81459497206704
Brazil,BRA,2008,4.56785118025741,2.72865780257471,0.0,98.5,1.81401598096052,0.606161791975952,93.1,5.7709671427171
Brazil,BRA,2009,4.47677399209847,1.19807347999816,0.0,98.9,1.01382622138073,0.592964984584915,93.4,-3.72867982560217
Brazil,BRA,2010,4.11575648779356,1.67814111648887,0.0,98.6,1.12294789741317,0.531249746359845,93.9,6.69694248560597
Brazil,BRA,2011,4.34203412783304,2.1752439770507,0.0,99.3,1.52482093441453,0.489511339380015,94.3,5.63864636220394
Brazil,BRA,2012,4.16832822439069,1.96147705453274,0.0,99.5,1.51443970543702,0.587138933227261,94.7,-3.08224220365922
Brazil,BRA,2013,4.50688618256533,1.78797181123262,0.0,99.6,1.33361465390865,0.645381746586543,95.1,8.36144396056827
Brazil,BRA,2014,4.32561053879483,1.74979758692364,0.0,99.7,1.39876331607307,0.714730472224302,95.4,2.7907944733148
Brazil,BRA,2015,4.31914942964047,1.11264455896167,0.0,99.7,0.857685698468755,0.954397922356233,95.7,3.31433139702611
Brazil,BRA,2016,4.89135358790863,1.02883412080618,0.0,99.7,0.686699294180488,0.913478820468819,95.8,-5.22421773748668
Brazil,BRA,2017,4.60059169568986,1.24905409177789,0.0,99.8,0.934976537711634,0.843511847022153,96.1,14.1523862622383
Brazil,BRA,2018,4.4203993038464,1.89875463067738,0.0,99.7,1.5802963493344,0.912362329794403,96.2,1.30705577691208
Brazil,BRA,2019,4.20501409463474,1.75977305025389,0.0,99.8,1.44608781006584,0.971501340924402,96.4,0.415036913107755
Brazil,BRA,2020,5.71148511499007,1.31416348966725,0.0,99.7,0.949585951805012,1.24675571255478,96.4,4.17457858752937
Canada,CAN,2008,1.76827354801333,2.17781891455316,0.0,100.0,1.81609755832594,0.965470314423528,100.0,7.20532581439761
Canada,CAN,2009,1.5498932753953,0.512977214258532,0.0,100.0,0.356614049824675,1.0657298589171,100.0,-5.08036133044745
Canada,CAN,2010,1.49323608111661,0.559054627602334,0.0,100.0,0.273815795655638,0.968020508539822,100.0,1.3019929942822
Canada,CAN,2011,1.76566446625627,0.732313480330011,0.0,100.0,0.350184576796635,0.931222764948246,100.0,4.09003112477451
Canada,CAN,2012,1.81134574390941,0.450995464605676,0.0,100.0,0.198904269926446,0.944962644665115,100.0,1.30166333726547
Canada,CAN,2013,1.89423151227836,0.447518570432087,0.0,100.0,0.266699410443188,0.98774863036521,100.0,17.0854728770508
Canada,CAN,2014,1.58654807741954,0.544167648469431,0.0,100.0,0.359203139758369,1.06453263983795,100.0,-6.66410173098882
Canada,CAN,2015,1.86983594598587,0.150822515217802,0.0,100.0,0.0300155530949673,1.2675694152853,100.0,4.35427466604817
Canada,CAN,2016,1.86222589313529,0.245201369936091,0.0,100.0,0.123509347986923,1.32486989068137,100.0,4.11467406237892
Canada,CAN,2017,1.88999463244888,0.356668958676595,0.0,100.0,0.210662547630561,1.3054113337241,100.0,2.29841577824936
Canada,CAN,2018,1.69989157622406,0.507451321381241,0.0,100.0,0.410042163909339,1.3400498266271,100.0,-0.385585678130383
Canada,CAN,2019,1.69707935336103,0.525706548992231,0.0,100.0,0.416681056579483,1.37589022227728,100.0,2.30509617654526
Canada,CAN,2020,1.83978931118122,0.359354442831679,0.0,100.0,0.223536262915073,1.40957149716294,100.0,0.339550138005265
China,CHN,2008,10.0099770734138,5.690314442087,0.0,98.8,4.22543644483576,4.17967407498105,52.7,5.15600466411712
China,CHN,2009,9.47299581661597,2.29463084104623,0.0,99.1,1.67546271504232,4.18562882614847,55.2,4.00242578281791
China,CHN,2010,9.16649906130733,3.89428267632036,0.0,99.7,2.47644230809394,3.99595185817118,57.4,4.25106968434066
China,CHN,2011,9.0338458593332,4.90180082870578,0.0,99.9,3.16149821272887,3.70109501132644,60.1,4.17428925322372
China,CHN,2012,8.96505673533992,2.46960876307476,0.0,99.9,1.98329766843015,3.48275381695519,62.9,4.46654195520715
China,CHN,2013,8.78442131602471,1.84082793001625,0.0,100.0,1.47248716740963,3.40007798793518,65.8,3.80719982855142
China,CHN,2014,8.48242940933654,1.41385938821833,0.0,100.0,1.17449560810056,3.21224818860961,68.8,4.05046823730937
China,CHN,2015,8.22401359479525,0.705545701869656,0.0,100.0,0.55146891809536,3.11477302205045,71.5,3.89852146567351
China,CHN,2016,7.90065017505416,0.602688601577589,0.0,100.0,0.468471119066501,3.17255178075131,74.4,3.27781355688161
China,CHN,2017,7.32839239286042,0.722467199027478,0.0,100.0,0.582954445963903,3.0726758994738,77.1,3.96129100098636
China,CHN,2018,6.91714289236836,0.834345313350498,0.0,100.0,0.704281724834458,2.97454025480266,79.5,3.48291750057849
China,CHN,2019,7.00621575788341,0.722276040174109,0.0,100.0,0.554702096120324,3.0662293909793,82.0,3.07679355873209
China,CHN,2020,7.54018198521241,0.475068779435521,0.0,100.0,0.361833602387154,3.01642949110669,83.8,3.13212764989927
Colombia,COL,2008,6.6873848504052,6.70878012580192,0.0,96.8,6.39138124558217,0.686143197306281,83.9,-0.805188995750399
Colombia,COL,2009,6.68974069628809,3.9663951339094,0.0,96.1,3.56477950392836,0.759474487878302,84.9,-0.232995114618561
Colombia,COL,2010,6.32485387641069,5.34449561936638,0.0,96.8,4.74812118007598,0.656697039619914,85.6,0.303852142032042
Colombia,COL,2011,6.09169610822215,8.18722539440023,0.0,96.7,7.56590278776167,0.642619849527985,86.5,1.91022206644469
Colombia,COL,2012,5.58268705354932,7.02085517523747,0.0,97.0,6.48057843643001,0.607054086136133,87.1,2.50331646440327
Colombia,COL,2013,5.39271495449472,6.29680705318058,0.0,97.8,6.02790826677731,0.673491688113165,87.9,7.45356500898741
Colombia,COL,2014,5.44695721474421,5.49901541071731,0.0,97.8,5.30310431609835,0.720185808642697,88.8,2.91067246570759
Colombia,COL,2015,5.98042480849816,2.90241422516831,0.0,98.2,2.77216533332884,0.963147212328298,89.4,4.29995665366276
Colombia,COL,2016,6.60641226605787,2.26984911807748,0.0,98.4,2.05504472759822,1.06156525483305,90.0,2.73668024270634
Colombia,COL,2017,6.38966355268118,2.86215964120698,0.0,98.5,2.69739587430891,0.915335743866381,90.7,5.57634352055987
Colombia,COL,2018,6.22570968960033,4.05840433409309,0.0,98.5,3.9376621025169,0.944714301166553,91.4,1.59393080194643
Colombia,COL,2019,6.41072082168314,3.53508263703346,0.0,99.4,3.37635502999402,1.04560784121305,91.9,2.71732981331323
Colombia,COL,2020,7.50848046663348,1.92785529565366,0.0,99.7,1.67839094093874,1.17483124916732,92.6,1.96067632318113
Costa Rica,CRI,2008,6.97696046934205,0.143358097778531,0.0,99.3,0.138506564628074,0.667987290150314,91.8,-3.23940410123966
Costa Rica,CRI,2009,7.04962970066208,0.040693534904343,0.0,99.4,0.0349275129067223,0.668512168310354,92.1,-3.35524193884577
Costa Rica,CRI,2010,6.48518940835915,0.013125611762689,0.0,99.0,0.0,0.557109379937281,92.4,6.33269859105306
Costa Rica,CRI,2011,5.5998721220925,0.0262228046636563,0.0,99.2,0.0,0.536044612810024,92.8,-0.160541294755362
Costa Rica,CRI,2012,5.13084191424833,0.0762679736800369,0.0,99.5,0.0570418941616766,0.50566256308128,93.2,4.94038719976867
Costa Rica,CRI,2013,4.78335093285463,0.0536513386089186,0.0,99.6,0.0509240385860012,0.511977541882497,93.5,0.0110652341374049
Costa Rica,CRI,2014,4.88788378992891,0.0477731343010405,0.0,99.4,0.0459362185862528,0.528314266239871,93.9,2.23397966061579
Costa Rica,CRI,2015,4.74911042906871,0.018892425144203,0.0,99.4,0.0177567007849928,0.484974630590781,94.2,-2.48379345852284
Costa Rica,CRI,2016,4.91435578688065,0.0155307144106604,0.0,99.5,0.0138221212255343,0.514518948435381,94.6,5.28433765133568
Costa Rica,CRI,2017,4.69977633148224,0.0066579564754723,0.0,99.6,0.0050387020420813,0.538862614029635,95.0,3.74433663703304
Costa Rica,CRI,2018,4.48382833719027,0.0076969668000433,0.0,99.7,0.0076969668000433,0.555090281720763,95.3,4.00816117224885
Costa Rica,CRI,2019,4.20205116302573,0.0056035929004572,0.0,99.7,0.0056035929004572,0.554613849222956,95.6,-1.46522963249544
Costa Rica,CRI,2020,4.34422556037506,0.0029369016504744,0.0,99.9,0.0029369016504744,0.558689061535442,95.9,-1.37119255222329
Croatia,HRV,2008,3.88030832432228,0.883794415537774,0.143487333626682,100.0,0.740307081911092,0.849530477846717,100.0,7.22429440427877
Croatia,HRV,2009,3.98546340461416,0.618835360981126,0.129887341817298,100.0,0.488947583310032,0.919779648516428,100.0,-2.09807667603185
Croatia,HRV,2010,3.64408613607008,0.759551195955811,0.15915253246146,100.0,0.600397396113374,0.948477977778594,100.0,-9.07991978968992
Croatia,HRV,2011,3.62384529205944,1.0977535955936,0.229613677147105,100.0,0.868134675376242,0.924972246060416,100.0,-2.70613388040584
Croatia,HRV,2012,3.28369094158984,1.08740497241583,0.264255295113022,100.0,0.82314131320528,0.975505265923715,100.0,-18.5152474529935
Croatia,HRV,2013,3.43732378132164,0.90294148153851,0.248773267501364,100.0,0.654158363196043,0.949630856386404,100.0,5.12893415259168
Croatia,HRV,2014,2.9385340138072,0.693055598963159,0.209188421195982,100.0,0.483857075867778,0.949975562761183,100.0,-13.9076977529793
Croatia,HRV,2015,2.96346586722837,0.568665137596705,0.208724469549912,100.0,0.35992656584487,1.14261861941613,100.0,2.39872119961917
Croatia,HRV,2016,3.05956715019888,0.419380996034238,0.191009967250072,100.0,0.228359094907662,1.17724377884635,100.0,6.47476582583073
Croatia,HRV,2017,2.8900346997748,0.52172248249914,0.22543983558761,100.0,0.296263406886023,1.15915656470716,100.0,-2.17822766401285
Croatia,HRV,2018,2.95085788602142,0.598080236982875,0.198240538102377,100.0,0.399806119405091,1.03719020743601,100.0,6.17607431747544
Croatia,HRV,2019,2.85681403192909,0.462903313158106,0.18001866879458,100.0,0.282884644363526,1.07995219034088,100.0,1.2965346847013
Croatia,HRV,2020,3.12844347844386,0.305707601664697,0.174557712162162,100.0,0.131149889502535,1.05163227168159,100.0,1.95130975280688
Cyprus,CYP,2008,2.09331209487447,0.0138143659601653,0.0,100.0,0.012105602790694,0.831932602483897,100.0,-8.16685971459297
Cyprus,CYP,2009,1.98881944002316,0.016307457734791,0.0,100.0,0.0066318533757411,0.883848252720826,100.0,-8.45609720326267
Cyprus,CYP,2010,2.05766089497283,0.0237027728580779,0.0,100.0,0.0042554418147126,0.887576776731153,100.0,7.66172563208929
Cyprus,CYP,2011,2.14531871795227,0.0377653432829421,0.0,100.0,0.0074209834341139,0.802275869621009,100.0,4.91640396242701
Cyprus,CYP,2012,2.00128009868188,0.0378552986097279,0.0,100.0,0.0083176668771627,0.886812413324042,100.0,-4.54942196657923
Cyprus,CYP,2013,2.03633566673278,0.0223798368778124,0.0,100.0,0.0025152993965882,0.877872926848819,100.0,-4.9091395403597
Cyprus,CYP,2014,1.84487621232733,0.0175027220000039,0.0,100.0,0.0018519884609688,1.01420872383917,100.0,-14.9044968806722
Cyprus,CYP,2015,1.86798451841109,0.0090907444718949,0.0,100.0,0.0,1.20423445613643,100.0,2.91530940024127
Cyprus,CYP,2016,2.14376219902412,0.0002240835969239,0.0,100.0,0.0002240835969239,1.2828283482371,100.0,16.5112908273352
Cyprus,CYP,2017,1.85263298228741,0.0032434280526464,0.0,100.0,0.0,1.23631980582993,100.0,-6.86175413795135
Cyprus,CYP,2018,1.71813809861456,0.0030937851269758,0.0,100.0,0.0,1.14295242556005,100.0,-2.52237529787352
Cyprus,CYP,2019,1.74820542874204,0.0023663674779581,0.0,100.0,0.0,1.19472095078049,100.0,6.16690585496625
Cyprus,CYP,2020,1.82533569194245,0.005654370404099,0.0,100.0,0.0,1.22486453398007,100.0,-2.20365001686655
Czechia,CZE,2008,1.92036584435566,0.477737794386401,0.0243830251829959,100.0,0.453354769203405,1.42775413425145,100.0,1.11032692259218
Czechia,CZE,2009,1.75886230026321,0.198173141230698,0.0170687928529787,100.0,0.181104348377719,1.58985539608635,100.0,29.7480897952061
Czechia,CZE,2010,1.52258196973334,0.298843413655612,0.0319083247646316,100.0,0.26693508889098,1.65853509110724,100.0,-19.5748033008944
Czechia,CZE,2011,1.96393230867654,0.330178481675605,0.0179261172727902,100.0,0.312252364402815,1.54303620376923,100.0,-6.9722995329503
Czechia,CZE,2012,2.23162666151254,0.183764875390195,0.015467842584056,100.0,0.168297032806139,1.68634983468687,100.0,8.50025680534155
Czechia,CZE,2013,2.34758315581321,0.109373594926078,0.0187182602523047,100.0,0.0906553346737735,1.64937447606788,100.0,-1.55976331360947
Czechia,CZE,2014,2.39269564510297,0.0966059523605795,0.0206355711243112,100.0,0.0759703812362683,1.68381975342311,100.0,7.04359116154937
Czechia,CZE,2015,2.25892571347988,0.0817971148616068,0.0286492763212327,100.0,0.0531478385403741,1.96838993090579,100.0,9.02280971687199
Czechia,CZE,2016,2.14809736879598,0.0897843648038061,0.0421696859410296,100.0,0.0476146788627765,1.99599130978494,100.0,5.17228946690702
Czechia,CZE,2017,2.10545968755889,0.123869670670436,0.06810596283396,100.0,0.055763707836476,1.84735658165973,100.0,-3.98938254192133
Czechia,CZE,2018,1.96856224682798,0.176675040184413,0.118193216480726,100.0,0.0584818237036871,1.67982059401738,100.0,3.3512542974608
Czechia,CZE,2019,1.89151770908811,0.223781034098388,0.184073526442245,100.0,0.0397075076561425,1.65480912075994,100.0,4.63043392427053
Czechia,CZE,2020,1.94399138825301,0.246201643571998,0.222366217465037,100.0,0.0238354261069612,1.58192758924502,100.0,6.88968763856263
Denmark,DNK,2008,0.841682850350501,1.8417404976907,0.0044938843862396,100.0,1.83319644236166,0.376537539596197,100.0,-25.5801519334216
Denmark,DNK,2009,0.806945931238911,0.995777560180507,0.0038592683829751,100.0,0.988014501522026,0.407988479539864,100.0,-4.76770182780082
Denmark,DNK,2010,1.1884393485634,1.01593477645678,0.0056531229820642,100.0,1.01028165347472,0.420208970286564,100.0,32.412234710122
Denmark,DNK,2011,1.26832807403315,1.35863638755882,0.0043147260195537,100.0,1.35365515744707,0.366000706430685,100.0,-13.4100282284572
Denmark,DNK,2012,1.61758219917433,1.26521746957683,0.006313374718234,100.0,1.25678921696254,0.354968021409529,100.0,12.1906851452533
Denmark,DNK,2013,1.25664041508446,0.954891065682306,0.0089201628513751,100.0,0.945527856652802,0.364416102314749,100.0,-4.81423292007665
Denmark,DNK,2014,1.35342720224903,0.797731914194824,0.0106177216905139,100.0,0.78711419250431,0.329681701377447,100.0,18.4880290862258
Denmark,DNK,2015,0.908318060929302,0.439260844554109,0.011001688558661,100.0,0.428259155995448,0.375634148287735,100.0,-14.6125431683744
Denmark,DNK,2016,0.92879780499665,0.287534744912893,0.0082518196901896,100.0,0.279282925222703,0.39536979152771,100.0,-15.0425904121747
Denmark,DNK,2017,1.25985806734514,0.395815903926038,0.0071784245586468,100.0,0.388637479367391,0.365250732284191,100.0,15.3220478242069
Denmark,DNK,2018,0.99704488734783,0.476981359246903,0.008027439400029,100.0,0.468953919846874,0.353912833712021,100.0,-0.415925180820338
Denmark,DNK,2019,1.24122741169144,0.351826481931893,0.0062843463369391,100.0,0.345542135594954,0.339691268719626,100.0,3.40740642339192
Denmark,DNK,2020,1.33752008668451,0.113631700049912,0.0052761569235192,100.0,0.108355543126393,0.314726172309054,100.0,2.50381795658858
Dominican Republic,DOM,2008,6.27099180121697,0.14270699249789,0.0193254494077591,97.6,0.0,1.1910051506137,87.1,-3.76044290272878
Dominican Republic,DOM,2009,6.01021373970952,0.0719189749466201,0.0177564440775678,97.9,0.0,1.16665607104743,87.3,8.94579329481874
Dominican Republic,DOM,2010,5.87493178504912,0.104515293691831,0.0359678866431284,98.1,0.0,1.13800154767456,87.5,6.60415064841358
Dominican Republic,DOM,2011,5.4136207001604,0.195028798245037,0.030389496702553,97.9,0.0,1.11825865532371,87.6,5.85609418658002
Dominican Republic,DOM,2012,5.13892705786417,0.302615837441138,0.0300337769430199,97.9,0.0,1.155758875306,87.9,1.8193512057977
Dominican Republic,DOM,2013,4.99410588425629,0.797479902725912,0.042050221074567,98.4,0.0,1.15258594536113,88.3,1.65134549195184
Dominican Republic,DOM,2014,4.83780303264764,0.801066589554608,0.0507971052432375,98.5,0.0,1.12968772370702,88.6,1.26664673321115
Dominican Republic,DOM,2015,5.05883234424627,0.395470185079365,0.039172052838945,98.6,0.0,1.20227134267773,89.1,1.22969729972144
Dominican Republic,DOM,2016,5.02704510564373,1.01866944221945,0.0502859295983386,98.9,0.0,1.21883419996629,89.6,4.44773053750936
Dominican Republic,DOM,2017,4.83760934052653,0.819658746748071,0.042596953234442,100.0,0.0,1.15633100179512,90.2,4.10289678666682
Dominican Republic,DOM,2018,4.57147323875274,0.680582818121921,0.0303981826019328,98.9,0.0,1.2112991439077,90.7,2.64453024050424
Dominican Republic,DOM,2019,4.32511956961036,0.731701660605675,0.028251383003086,99.0,0.0,1.30832873531333,91.3,4.41088297490921
Dominican Republic,DOM,2020,4.52252840237889,0.839001339569638,0.0365317496883882,100.0,0.0,1.39346885621818,91.9,-1.66406249123528
Ecuador,ECU,2008,7.3493757008365,15.4229786037291,0.274048495973192,97.2,15.1358247991483,1.4106530486683,93.4,3.28353966027557
Ecuador,ECU,2009,8.61225542007853,7.34247339167073,0.283043879396944,96.5,6.95873565739405,1.55581231744525,93.6,2.69891609390656
Ecuador,ECU,2010,8.33021025899583,9.85463781154314,0.442619710008458,97.5,9.3046686895969,1.55250455861839,94.0,0.466834329340642
Ecuador,ECU,2011,7.90853917487421,13.6272821046914,0.0,96.9,13.4798499021284,1.41752746341651,93.95,9.28188542384545
Ecuador,ECU,2012,6.99944108995073,12.0214343390994,0.0,97.2,11.8785018925995,1.33089547172516,94.0,0.16038673373437
Ecuador,ECU,2013,6.96320880489033,10.5653480606039,0.0,98.0,10.437101572399,1.37015668237853,94.2,8.58683592347647
Ecuador,ECU,2014,7.40439967003185,9.82743939571769,0.0,99.0,9.75776834533724,1.40540973534925,94.2,8.78646504640372
Ecuador,ECU,2015,8.02049629728797,3.72889549838102,0.0,98.8,3.67848724402361,1.48076804678667,94.3,4.00033609839008
Ecuador,ECU,2016,8.07212585894998,2.95546850351073,0.0,98.7,2.89048535184992,1.4583891400784,94.4,1.5650391409165
Ecuador,ECU,2017,7.90222040951574,4.08692674248751,0.0,99.2,4.02018428463868,1.41611455981639,94.4,7.52436734021522
Ecuador,ECU,2018,7.64505994805811,6.22088305258164,0.0,98.7,6.22088305258164,1.50339681786201,94.5,1.02873267317602
Ecuador,ECU,2019,7.78676459859086,5.1141433200136,0.0,99.1,5.1141433200136,1.52686085519039,94.4,2.30445289674329
Ecuador,ECU,2020,8.38574905899645,2.33936013727819,0.0,98.9,2.33936013727819,1.56165125718072,94.4,-0.055512703504931
Estonia,EST,2008,3.40126152586792,1.32201783425096,0.0,100.0,1.32201783425096,2.14058460241747,100.0,2.07570129677505
Estonia,EST,2009,2.47104873277575,0.751767919059132,0.0,100.0,0.751767919059132,2.18360330329659,100.0,-18.6795347732613
Estonia,EST,2010,3.17092945309266,0.581538339036547,0.0,100.0,0.581538339036547,2.93923574822786,100.0,9.28974767376849
Estonia,EST,2011,3.66566862923271,0.718355969502699,0.0,100.0,0.718355969502699,2.46037884762642,100.0,8.29442291870302
Estonia,EST,2012,3.2843229052027,0.82417267100568,0.0,100.0,0.82417267100568,2.37842049813308,100.0,1.65906666948048
Estonia,EST,2013,3.04742973666601,0.731733642840825,0.0,100.0,0.731733642840825,2.54833542962133,100.0,-4.96048570091772
Estonia,EST,2014,3.11496161660999,0.785908942645014,0.0,100.0,0.785908942645014,2.33441504584196,100.0,12.2586173582116
Estonia,EST,2015,2.80642152865051,0.465476776252943,0.0,100.0,0.465476776252943,2.41368417322993,100.0,2.78451305446295
Estonia,EST,2016,2.0715978609001,0.314829889466987,0.0,100.0,0.314829889466987,2.43964168283237,100.0,-23.7897682925409
Estonia,EST,2017,2.33885596628311,0.519486628619975,0.0,100.0,0.519486628619975,2.38076312277948,100.0,6.82860838777356
Estonia,EST,2018,2.04938469969066,0.798768778762908,0.0,100.0,0.798768778762908,2.00232641309679,100.0,-10.471029073771
Estonia,EST,2019,2.265648962634,0.733624881780431,0.0,100.0,0.733624881780431,1.36120628067655,100.0,22.7972318560309
Estonia,EST,2020,1.93181527353408,0.374756824367254,0.0,100.0,0.374756824367254,1.27384593673205,100.0,-12.4415941066989
Finland,FIN,2008,2.20537134561628,0.0231279047668591,0.0,100.0,0.0,0.531323816116055,100.0,0.149297640836778
Finland,FIN,2009,2.25383112774094,0.0202676429644484,0.0,100.0,0.0,0.58302781483515,100.0,7.15526725205393
Finland,FIN,2010,2.36676641136983,0.102267660487651,0.0,100.0,0.0264536212387585,0.7072984989437,100.0,-1.55342991557966
Finland,FIN,2011,2.25898661809719,0.127635909153775,0.0,100.0,0.0274872479754791,0.594283193354516,100.0,-1.4602001762197
Finland,FIN,2012,2.18836399205502,0.169529809435898,0.0,100.0,0.036928502161732,0.591593193055203,100.0,-5.11471716445246
Finland,FIN,2013,2.21182621856833,0.109653814140913,0.0,100.0,0.0408992326382403,0.595431132188297,100.0,0.277067886520157
Finland,FIN,2014,2.21758033567317,0.089001222911771,0.0,100.0,0.041878688072028,0.559856954473009,100.0,5.6769736108252
Finland,FIN,2015,2.06049706934612,0.0502783941440305,0.0,100.0,0.0250863866362488,0.62867988302609,100.0,2.94747320669062
Finland,FIN,2016,2.08977502932082,0.0275560104332892,0.0,100.0,0.0038668382947648,0.678536881955109,100.0,0.0461599602044913
Finland,FIN,2017,2.06803556647353,0.0795437714076099,0.0,100.0,0.0160206224171637,0.62933412608608,100.0,1.01546717947585
Finland,FIN,2018,2.11422780880102,0.0884182985547281,0.0,100.0,0.028117225590218,0.630957101940626,100.0,-1.41649771440167
Finland,FIN,2019,2.18977184111891,0.0423693160918881,0.0,100.0,0.0306156319085288,0.615142651570817,100.0,11.5179604765141
Finland,FIN,2020,2.24039393029227,0.024237901265579,0.0,100.0,0.015773869396467,0.580028744307766,100.0,-0.664996828257358
France,FRA,2008,1.42030674677991,0.0146065165135699,0.0,100.0,0.014098351765533,0.320881951951605,100.0,4.14681958359635
France,FRA,2009,1.23241577481447,0.0090736536895202,0.0,100.0,0.0083449252342731,0.343573721216378,100.0,6.20298026113537
France,FRA,2010,1.50088040274637,0.0095582080359104,0.0,100.0,0.0086624870281149,0.36723589599215,100.0,-2.93290368387996
France,FRA,2011,1.55137276231397,0.009991431352176,0.0,100.0,0.0099036109455951,0.339869803004296,100.0,4.41552961035308
France,FRA,2012,1.52594468949115,0.0118267853623421,0.0,100.0,0.0117568855108017,0.383420384947416,100.0,-8.62304490158833
France,FRA,2013,1.36140137870511,0.0092796566274641,0.0,100.0,0.0092421341125322,0.380682248494704,100.0,-1.80308485261293
France,FRA,2014,1.46154600121993,0.0070448141373565,0.0,100.0,0.0070175194531778,0.353224708192649,100.0,14.922258322173
France,FRA,2015,1.50360116027898,0.0039477471874151,0.0,100.0,0.0039467487584199,0.43440467977547,100.0,-0.119146845874667
France,FRA,2016,1.33798472564444,0.0030119925157513,0.0,100.0,0.0030109034584552,0.446420628406464,100.0,-12.8921036453769
France,FRA,2017,1.43496006533197,0.0040443362504081,0.0,100.0,0.0040425573061345,0.448121588283429,100.0,7.95716297829017
France,FRA,2018,1.53110170543578,0.0067705283922158,0.0,100.0,0.0067672503799471,0.421262600360954,100.0,3.74096956984971
France,FRA,2019,1.40828485472535,0.005434531803313,0.0,100.0,0.005434531803313,0.439650146125679,100.0,-2.36507412978948
France,FRA,2020,1.4604342657704,0.0256010714736678,0.0229568999133238,100.0,0.0026441715603439,0.42499014332053,100.0,-7.01387229578118
Georgia,GEO,2008,8.13162847511651,0.44898801631487,0.121050153008866,100.0,0.055088933912185,1.01991947005803,60.7,-4.36904415331671
Georgia,GEO,2009,8.10130101189814,0.491221442906073,0.146400796041528,100.0,0.0347519240942889,1.44741954285038,62.8,-6.49103745226712
Georgia,GEO,2010,8.86598672626304,0.895224150789114,0.110579055672134,100.0,0.0305528240111228,1.26421853125762,66.0,16.3632344009265
Georgia,GEO,2011,9.73887160427603,1.35831736461303,0.124562458088729,100.0,0.0399109829653811,1.32466392177865,68.5,10.68201225681
Georgia,GEO,2012,8.56565938989856,0.713219822181682,0.0442337378609389,100.0,0.0366671001188446,1.3691689660206,71.0,-3.51086474913321
Georgia,GEO,2013,9.21478687624408,0.53766868756409,0.0659799973379398,100.0,0.0299773153617784,1.50204035784248,74.2,15.6635946180277
Georgia,GEO,2014,9.2042368072631,0.333416479516369,0.0620573682511909,100.0,0.0265620539861034,1.63929404820607,76.8,-1.33707952513687
Georgia,GEO,2015,8.54206032187102,0.384302849818922,0.0802857947040787,100.0,0.009170591509443,2.18887747689992,79.2,0.273516202739657
Georgia,GEO,2016,8.00327332913851,0.451743243642999,0.0649428203479164,100.0,0.0031358878903447,2.39984681638375,81.9,-8.76652897200458
Georgia,GEO,2017,6.91860933720368,0.36773410112611,0.0791955458934099,100.0,0.0040317828927471,2.35681048871605,84.2,-2.20298057550637
Georgia,GEO,2018,7.56159033807908,0.353338873995124,0.0719032202348324,99.9,0.0041956464231294,2.21696493782054,86.0,13.0976307073909
Georgia,GEO,2019,7.33548626473072,0.489501772483629,0.0750484117819754,100.0,0.0035653354043031,2.46977399336174,87.8,1.43887693069252
Georgia,GEO,2020,8.31654843439314,0.71454807091559,0.0766968804616488,100.0,0.0016264082196734,2.69510153489058,89.6,6.74251562671347
Germany,DEU,2008,0.836898767415279,0.138617515905533,0.0,100.0,0.138505049046963,0.560552920150295,100.0,12.7551035827075
Germany,DEU,2009,0.670175199509393,0.0796055350440294,0.0,100.0,0.0795822026569453,0.581782669898134,100.0,-3.42733698688252
Germany,DEU,2010,0.775746733637608,0.0761801376502495,0.0,100.0,0.0760802701343548,0.637077768534713,100.0,-1.41563201893588
Germany,DEU,2011,0.924336107663921,0.0986197026549725,0.0,100.0,0.0984645228015509,0.579048407830086,100.0,3.82241633788996
Germany,DEU,2012,0.911054928259736,0.0788985227753028,0.0,100.0,0.0787684100718653,0.653897165136502,100.0,0.155876312301146
Germany,DEU,2013,0.926871460059708,0.059798712921437,0.0,100.0,0.0596791674226543,0.656743891190043,100.0,-2.68406278257923
Germany,DEU,2014,0.915391753233484,0.0398221083435397,0.0,100.0,0.0397537844055885,0.624702229627799,100.0,11.8317197634491
Germany,DEU,2015,0.708829582097775,0.0272784832279589,0.0,100.0,0.0272784832279589,0.751643901137815,100.0,-12.6708992791054
Germany,DEU,2016,0.730325301694873,0.0185491740941153,0.0,100.0,0.0185491740941153,0.754551229825156,100.0,3.81663297824501
Germany,DEU,2017,0.860523969487648,0.0235604624283058,0.0,100.0,0.0235604624283058,0.725015196357601,100.0,4.46484079479129
Germany,DEU,2018,0.743078810770796,0.0278580557415591,0.0,100.0,0.0278580557415591,0.674875042607019,100.0,-13.2842879190458
Germany,DEU,2019,0.83369166704386,0.047726874604311,0.0,100.0,0.0195252435301418,0.667020226046949,100.0,8.99793810864197
Germany,DEU,2020,0.728891877945977,0.0396520572133387,0.0,100.0,0.0100688916733278,0.648473199522983,100.0,-0.179679752402421
Greece,GRC,2008,2.89505867715816,0.14242333631622,0.0092266033273565,100.0,0.125383479797088,0.780398042183845,100.0,2.52941653959722
Greece,GRC,2009,2.92582395634654,0.0520061381977231,0.0063190692142369,100.0,0.0412423836808023,0.80767000119634,100.0,-0.707711372374092
Greece,GRC,2010,2.9142102078812,0.103697021394489,0.0071406279321398,100.0,0.081409579133524,0.861422623949229,100.0,-4.2181758114347
Greece,GRC,2011,3.0618456010827,0.143072908075267,0.0081756201153806,100.0,0.107697523458489,0.916583194996177,100.0,2.69023026274076
Greece,GRC,2012,3.41908207828197,0.101402839285262,0.010665138089558,100.0,0.0636953742604182,1.01960858521422,100.0,5.59064439970183
Greece,GRC,2013,3.35146223879432,0.0708037385708853,0.0126270666660737,100.0,0.0323290966602002,0.980726208005452,100.0,-8.53542644936954
Greece,GRC,2014,3.53346105430384,0.0615391246821082,0.0127397406647305,100.0,0.0284409679098027,0.988157675107461,100.0,5.44299326571773
Greece,GRC,2015,3.82153798821664,0.0369866498983856,0.0123564763482813,100.0,0.016100170992005,1.20951730627082,100.0,-2.19786710081326
Greece,GRC,2016,3.45812941533327,0.0518478541723886,0.0125295718232521,100.0,0.0190664267039692,1.24900941142716,100.0,-8.19731219309546
Greece,GRC,2017,3.7522702094539,0.0591888670250129,0.0141510743145854,100.0,0.0250132869376178,1.25700573084856,100.0,11.7712157831924
Greece,GRC,2018,3.52573090341626,0.0759207988184946,0.0131992212663969,100.0,0.0400851923915587,1.21471651293021,100.0,-2.71007726018891
Greece,GRC,2019,3.66151933931312,0.0500690744474725,0.0096434687797412,100.0,0.0265569446653843,1.20285154747712,100.0,4.67515438119376
Greece,GRC,2020,3.9238294812332,0.0274660927573485,0.0091089172233631,100.0,0.0089890011633958,1.19477404376849,100.0,-8.23266535273309
Honduras,HND,2008,12.1501702062634,1.19201729211718,1.10939734359941,76.4,0.00258802441277,1.71089275955111,40.75,1.92664972835092
Honduras,HND,2009,10.8250414864446,1.10273631580731,0.926557773139522,78.3,0.0012109566024164,1.55869993788521,42.1,-1.94786960998272
Honduras,HND,2010,11.5912204379757,2.30432402757561,1.9253569352923,81.0,0.0016456146159322,1.54707235134248,42.4,1.77353959314097
Honduras,HND,2011,14.2196558016976,0.232459965893275,0.0,82.2,0.0025681124938183,1.56712955234736,43.4,6.48427433886071
Honduras,HND,2012,13.5662940347061,0.277273543895031,0.0,83.6,0.0024050359469125,1.66456158771776,44.1,10.6827938544844
Honduras,HND,2013,12.1911279403961,0.0637458324509267,0.0,87.2,0.00219740262054,1.76139060991096,44.5,3.44007204339358
Honduras,HND,2014,12.5383501333105,0.220947631095019,0.0,88.7,0.0018958484755045,1.75314630343295,45.0,2.81464864470881
Honduras,HND,2015,12.2159784468116,0.0964560992908653,0.0,90.0,0.0,1.76625536550817,45.9,2.63086381341347
Honduras,HND,2016,12.0499014058464,0.133255300150608,0.0,91.6,0.0,1.68379321119496,46.5,4.77456838162777
Honduras,HND,2017,12.6697681094878,0.111789675686681,0.0,86.5,0.0006652387020728,1.59513636967216,46.9,10.3497405056569
Honduras,HND,2018,11.6101604613644,0.0011831628005116,0.0,91.6,0.0010253496771205,1.77576962615653,47.6,2.63268821629732
Honduras,HND,2019,10.6380334094751,0.0012246164053756,0.0,91.1,0.0007347732952406,1.80397784979076,48.1,-0.955303811836842
Honduras,HND,2020,12.1880671407553,0.0009910011191194,0.0,93.1,0.0003885106482894,1.7410874057085,48.9,-5.35088664465972
Hungary,HUN,2008,3.47814940071837,0.456891654149121,0.0,100.0,0.456719867580469,0.961853446292062,100.0,55.3977057561389
Hungary,HUN,2009,2.99527728031797,0.340510598343756,0.0,100.0,0.340438161892449,1.05390622750616,100.0,-13.63277425968
Hungary,HUN,2010,3.00710894106453,0.320734055102333,0.0,100.0,0.320676764544416,1.08636792812562,100.0,-22.1718784773069
Hungary,HUN,2011,3.97302154410133,0.451945187962808,0.0,100.0,0.451884859611309,1.03595499586736,100.0,16.608150492031
Hungary,HUN,2012,3.88850753892061,0.439399255223308,0.0,100.0,0.439334873841806,1.09384375612856,100.0,-21.3193245812088
Hungary,HUN,2013,3.92253734459854,0.351947724607561,0.0,100.0,0.351918795889097,1.0001566655815,100.0,14.8585281774186
Hungary,HUN,2014,3.94529830379291,0.270954028862865,0.0,100.0,0.270950647461227,1.01585978413977,100.0,15.1608905746409
Hungary,HUN,2015,3.76135548183773,0.168194095569833,0.0,100.0,0.168192387464785,1.26565942686634,100.0,-1.20167968140568
Hungary,HUN,2016,3.8677257212942,0.118517451532393,0.0,100.0,0.11851344174629,1.26983550894976,100.0,13.0496618950845
Hungary,HUN,2017,3.74894666908719,0.15464572242304,0.0,100.0,0.154637173875013,1.26538340145366,100.0,-6.41158896573867
Hungary,HUN,2018,3.47162730279737,0.228381949460763,0.0,100.0,0.22837879679833,1.17834172772265,100.0,5.14999789201222
Hungary,HUN,2019,3.32505112170721,0.201281427552599,0.0,100.0,0.201281427552599,1.18458361464711,100.0,-1.58196323016807
Hungary,HUN,2020,3.36254685371176,0.11301391702029,0.0,100.0,0.11301391702029,1.18493199739068,100.0,-8.35968635045306
Ireland,IRL,2008,0.850028643552735,0.0222280037607303,0.0,100.0,0.0159196575954583,0.515292938058611,100.0,5.46707660326413
Ireland,IRL,2009,0.557956344829605,0.0277640456648846,0.0,100.0,0.0079479281522894,0.567102969985171,100.0,-15.7531601901495
Ireland,IRL,2010,0.954341928654505,0.0915149820061444,0.0,100.0,0.0143827302306965,0.615736763057318,100.0,18.5829332883295
Ireland,IRL,2011,1.20300703223081,0.0815042859547437,0.0,100.0,0.0123528070789271,0.562360500691662,100.0,17.204695703371
Ireland,IRL,2012,0.984770378070667,0.0400245145039409,0.0,100.0,0.0128527929524471,0.632183849426076,100.0,-18.2663442485586
Ireland,IRL,2013,1.06834594737171,0.014218286298964,0.0,100.0,0.0095738326597288,0.572934365896766,100.0,2.04036050116866
Ireland,IRL,2014,1.21597049654997,0.015339236734546,0.0,100.0,0.0061893200139178,0.545709094229255,100.0,26.6730621278836
Ireland,IRL,2015,0.867861440205505,0.0032544680104442,0.0,100.0,0.0026742701646707,0.573744618820429,100.0,5.65560642398609
Ireland,IRL,2016,0.925027049298507,0.058951007616789,0.0,100.0,0.0472463407413152,0.5715514870532,100.0,9.90181892420306
Ireland,IRL,2017,1.11924663459632,0.117165840306819,0.0,100.0,0.0689102116004979,0.528448323472718,100.0,9.62711664464979
Ireland,IRL,2018,0.83052746012552,0.13224934794849,0.0,100.0,0.0954752081133497,0.493243403466885,100.0,-13.9710984374826
Ireland,IRL,2019,0.883336918632163,0.0639856919474082,0.0,100.0,0.0498776317994419,0.470021801315756,100.0,28.4884721900233
Ireland,IRL,2020,0.939558040553553,0.0307646714146591,0.0,100.0,0.018320044453045,0.46420986403246,100.0,0.455159985755799
Israel,ISR,2008,1.80943795765309,0.20044002541275,0.0,100.0,0.085349033061665,0.827640963226671,100.0,-0.833787571053591
Israel,ISR,2009,2.14139661336725,0.133051053558854,0.0,100.0,0.0504161597082355,0.876876963298257,100.0,17.7414221722329
Israel,ISR,2010,1.82975876400948,0.0706744923094515,0.0,100.0,0.0347037681531794,0.861171178756441,100.0,-9.54697610243626
Israel,ISR,2011,1.85000171535157,0.126104492063989,0.0,100.0,0.0663664714143631,0.791064247065991,100.0,9.27327992084956
Israel,ISR,2012,1.4926299498497,0.13005147833958,0.0,100.0,0.0263944180509208,0.924355771183658,100.0,-6.36000763113357
Israel,ISR,2013,1.52142807731562,0.15049855968115,0.0,100.0,0.0987935976086396,0.742258562773912,100.0,0.659160088776218
Israel,ISR,2014,1.3878333514616,0.144510925973394,0.0,100.0,0.111807593082751,0.697443201107718,100.0,-5.94284105868481
Israel,ISR,2015,1.4205563555958,0.142637291798213,0.0,100.0,0.0976967257185518,0.764483068413619,100.0,-6.03296601399721
Israel,ISR,2016,1.45144669238151,0.132239295179646,0.0,100.0,0.0838268274723125,0.73102376750094,100.0,6.67178599784464
Israel,ISR,2017,1.43332361550204,0.0790923283309165,0.0,100.0,0.0587073274749799,0.68870648199206,100.0,2.59390155439007
Israel,ISR,2018,1.38933071555976,0.124775928068988,0.0,100.0,0.0997354758172602,0.635740290081453,100.0,-3.60551370882671
Israel,ISR,2019,1.34643940764737,0.0742350993525232,0.0,100.0,0.0742350993525232,0.638346067122421,100.0,0.429796301860023
Israel,ISR,2020,1.36656606491536,0.134324234023164,0.0,100.0,0.134324234023164,0.600052548179666,100.0,-3.95795450241735
Italy,ITA,2008,1.87300893559166,0.116904614025709,0.0,100.0,0.11672935694004,0.500379197584884,100.0,2.10505698942649
Italy,ITA,2009,1.80208177882956,0.062662625275337,0.0,100.0,0.0624111632345605,0.498775358596696,100.0,-1.01808853591081
Italy,ITA,2010,1.76928173132246,0.0756451395213109,0.0,100.0,0.0752939396048865,0.54334982351645,100.0,0.247884162602759
Italy,ITA,2011,1.84910093882918,0.117937374425124,0.0,100.0,0.117461665921987,0.516891322605718,100.0,0.774706203131714
Italy,ITA,2012,1.90886941227517,0.128314250616459,0.0,100.0,0.128314250616459,0.561581419666757,100.0,-3.96429103152882
Italy,ITA,2013,2.05779366637333,0.116142862091432,0.0,100.0,0.116142862091432,0.523776513089457,100.0,1.26706059829111
Italy,ITA,2014,1.90848213125891,0.0998509306110661,0.0,100.0,0.0998509306110661,0.509998231500788,100.0,-2.132351209402
Italy,ITA,2015,1.99152552817849,0.0566668828128587,0.0,100.0,0.0566668828128587,0.644118843409788,100.0,4.72973176227104
Italy,ITA,2016,1.84915248302101,0.0271467726535307,0.0,100.0,0.0271467726535307,0.635909950457083,100.0,-0.328017647464335
Italy,ITA,2017,1.89343264776643,0.0404721933714182,0.0,100.0,0.0404721933714182,0.624378479364825,100.0,-3.99844384888044
Italy,ITA,2018,1.85755612561626,0.0687880150631172,0.0,100.0,0.0687880150631172,0.601803752833951,100.0,2.92494033950202
Italy,ITA,2019,1.81866879873849,0.0581061900833431,0.0050928788155494,100.0,0.0530133112677937,0.63779427201479,100.0,-2.00799699019187
Italy,ITA,2020,1.9280162015612,0.0451701902908457,0.0097710146635465,100.0,0.0353991756272992,0.617271353351838,100.0,-4.17061018946767
Japan,JPN,2008,1.05410176653648,0.008331035071968,0.0,100.0,0.0073920173542431,0.592769288161856,100.0,7.64023211409666
Japan,JPN,2009,1.08231650645818,0.0071838742865529,0.0,100.0,0.0057956753196895,0.560749596647418,100.0,-7.6229784322325
Japan,JPN,2010,1.10828108130349,0.0077328534030604,0.0,100.0,0.005729487488349,0.55899016482746,100.0,-5.17917388553425
Japan,JPN,2011,1.08027176258707,0.0089689530620979,0.0,100.0,0.0063666074977563,0.564314080683717,100.0,1.37032406125539
Japan,JPN,2012,1.12285396244805,0.0080447577569086,0.0,100.0,0.0060605729681951,0.604289845317787,100.0,-1.01819791350223
Japan,JPN,2013,1.06671782970179,0.0076156648905525,0.0,100.0,0.0061204933026938,0.75710010697244,100.0,-1.55578627713646
Japan,JPN,2014,0.996605700341743,0.0094827830900647,0.0,100.0,0.0082317228176372,0.806874968305143,100.0,-5.7487303444497
Japan,JPN,2015,1.03412007048647,0.0092816066474676,0.0,100.0,0.0080119430043036,0.887759372735125,100.0,-4.21601707810039
Japan,JPN,2016,1.12498130848332,0.0063740673240948,0.0,100.0,0.0052854361299092,0.809942415703026,100.0,-8.05550064793292
Japan,JPN,2017,1.12844054943922,0.0074488879531277,0.0,100.0,0.0063023213081212,0.845359290263633,100.0,0.738901812660032
Japan,JPN,2018,1.044248235947,0.0094048862145402,0.0,100.0,0.0080014947763808,0.836024386198061,100.0,-6.68671775588656
Japan,JPN,2019,1.03894744464527,0.0344978800972204,0.0,100.0,0.0069206667751621,0.828509586952811,100.0,4.35026720631684
Japan,JPN,2020,1.06638425931073,0.0283125164934551,0.0,100.0,0.0045870055407853,0.817480494834382,100.0,-3.71256052773728
Kyrgyz Republic,KGZ,2008,23.4855331532901,2.51686276150789,0.0,99.5,0.119159761820282,4.08556454783823,68.2,0.862556874911036
Kyrgyz Republic,KGZ,2009,18.7607374707352,2.98431318324107,0.0,99.5,0.0637805767119747,4.1407881126263,70.1,6.7246651708236
Kyrgyz Republic,KGZ,2010,17.4482561772443,7.2684214434384,0.0,99.0,0.0871619316758997,4.04235724489337,71.5,-2.57159452759706
Kyrgyz Republic,KGZ,2011,16.56531665018,8.11472274482071,0.0,98.3,0.122964288246079,4.10358909479186,72.8,1.84652515199379
Kyrgyz Republic,KGZ,2012,16.654196378216,2.41024551537618,0.0,99.8,0.110790919380013,4.85662640051564,74.2,1.24728223633579
Kyrgyz Republic,KGZ,2013,14.6378725497812,4.35112272171659,0.0,98.9,0.0967631691389069,4.3867319800936,75.1,2.65092399236586
Kyrgyz Republic,KGZ,2014,14.7186631194877,2.97487577775832,0.0,99.8,0.08858893890771,4.56669238809476,76.0,-0.549727336935362
Kyrgyz Republic,KGZ,2015,14.0607643300857,3.23325348451187,0.0,98.7,0.0049935349728568,5.56475374986668,76.6,6.15581041591871
Kyrgyz Republic,KGZ,2016,12.8344731564928,4.34784033706205,0.0,99.7,0.0105496946163461,5.3962247743878,76.9,2.86617744819735
Kyrgyz Republic,KGZ,2017,12.5145788958853,6.80542363667538,0.0,100.0,0.0212545735872917,4.81280975871942,77.2,2.23506795421891
Kyrgyz Republic,KGZ,2018,11.6752864842384,3.49979565981386,0.0,100.0,0.029520573396249,5.49569777102984,77.3,2.60473483904038
Kyrgyz Republic,KGZ,2019,10.3739026248931,6.06465058244658,0.0,99.9,0.0225371455338571,5.06478495685099,77.3,2.47753362507963
Kyrgyz Republic,KGZ,2020,12.1696556730884,4.75869913369626,0.0,99.9,0.0103844848901373,5.14073567258898,77.1,0.860614117962655
Latvia,LVA,2008,3.09128712531246,0.0421471651620775,0.0,99.7,0.0421471651620775,0.614852208055907,100.0,-4.99210375217794
Latvia,LVA,2009,3.28684121352283,0.0364415777065532,0.0,100.0,0.0364415777065532,0.719508969156526,100.0,11.3980477789571
Latvia,LVA,2010,4.11588497283241,0.0482324265307126,0.0,99.8,0.0482324265307126,1.00628477731451,100.0,-7.2071115220694
Latvia,LVA,2011,3.77780079362838,0.0725165881556007,0.0,99.8,0.0725165881556007,0.858605472133416,100.0,3.96625457418169
Latvia,LVA,2012,3.53285388028976,0.108105775264166,0.0,100.0,0.108105775264166,0.840826584083868,100.0,7.1697636666638
Latvia,LVA,2013,3.2120869041368,0.0705971448194518,0.0,100.0,0.0705971448194518,0.799101910774828,100.0,-6.38705226529966
Latvia,LVA,2014,3.61639638963682,0.0702132494014572,0.0,100.0,0.0702132494014572,0.779977017300713,100.0,10.558829130164
Latvia,LVA,2015,3.55445018445087,0.0273720281181398,0.0,100.0,0.0273720281181398,0.938014132549411,100.0,2.48364944567217
Latvia,LVA,2016,3.32532538955761,0.0148905728804009,0.0,100.0,0.0148905728804009,0.915604312645501,100.0,-4.05663315495023
Latvia,LVA,2017,3.62476211824764,0.0284610080250479,0.0,100.0,0.0284610080250479,0.87613646636012,100.0,1.49855360184317
Latvia,LVA,2018,3.66104778019513,0.0634751560734816,0.0,100.0,0.0634751560734816,0.900738821136496,100.0,-3.93639520155854
Latvia,LVA,2019,3.85343444199836,0.0469010774792983,0.0,100.0,0.0469010774792983,0.912078610545423,100.0,21.2538012123279
Latvia,LVA,2020,4.0791819421756,0.0242158311769009,0.0,100.0,0.0242158311769009,0.867333693797813,100.0,-0.208687878105522
Lithuania,LTU,2008,3.28158323801393,0.101241066828756,0.0,99.4,0.101241066828756,0.757220860601399,100.0,2.45581089645783
Lithuania,LTU,2009,2.52928276861212,0.055082350905294,0.0,99.5,0.055082350905294,0.844425190670312,100.0,1.40039529072502
Lithuania,LTU,2010,3.06871518554059,0.0632545993679849,0.0,99.7,0.0632545993679849,0.976178842868244,100.0,-6.27571543803704
Lithuania,LTU,2011,3.51897129368263,0.0895930615737395,0.0,99.7,0.0895930615737395,0.836374943032488,100.0,6.5195467472178
Lithuania,LTU,2012,4.00007448760216,0.0762159130680747,0.0,100.0,0.0762159130680747,0.891352906598085,100.0,11.9984942190383
Lithuania,LTU,2013,3.53435810553224,0.0551989515670167,0.0,100.0,0.0551989515670167,0.805012349681068,100.0,-3.090788458883
Lithuania,LTU,2014,3.4401608409572,0.0452597318364978,0.0,100.0,0.0452597318364978,0.762427170224832,100.0,4.54807366831187
Lithuania,LTU,2015,3.43671864804715,0.0204096842873404,0.0,100.0,0.0204096842873404,0.963766791125023,100.0,5.23178160732319
Lithuania,LTU,2016,3.12061896056681,0.0123380922218575,0.0,100.0,0.0123380922218575,0.968870146914013,100.0,-3.96658678950018
Lithuania,LTU,2017,3.54933633712632,0.0148150768005386,0.0,100.0,0.0148150768005386,0.912018168035646,100.0,0.568529441562248
Lithuania,LTU,2018,2.88685726647675,0.015877717103123,0.0,100.0,0.015877717103123,0.87633058325825,100.0,-10.9651704973625
Lithuania,LTU,2019,3.12404744403716,0.0083146049501238,0.0,100.0,0.0083146049501238,0.905173064928296,100.0,10.5755801096042
Lithuania,LTU,2020,3.53241993914326,0.0040726406324964,0.0,100.0,0.0040726406324964,0.861028394078567,100.0,17.9755631316772
Netherlands,NLD,2008,1.65239006969149,0.84057276905166,0.0,100.0,0.84057276905166,0.489499485853486,100.0,2.58590619243981
Netherlands,NLD,2009,1.56591919996572,0.554421343039608,0.0,100.0,0.554421343039608,0.52857316476943,100.0,3.13138623060341
Netherlands,NLD,2010,1.78780819318779,0.597732613826022,0.0,100.0,0.597732613826022,0.582240762977496,100.0,-0.172275090617305
Netherlands,NLD,2011,1.59844393327571,0.778473608025466,0.0,100.0,0.778473608025466,0.524902529720418,100.0,-0.208765434394437
Netherlands,NLD,2012,1.69697006526574,0.921106734291822,0.0,100.0,0.921106734291822,0.58976632046725,100.0,-0.0667543294626967
Netherlands,NLD,2013,1.84474290341919,0.932413421601151,0.0,100.0,0.932413421601151,0.583063627689549,100.0,1.44135490687334
Netherlands,NLD,2014,1.80098935055634,0.57247142322415,0.0,100.0,0.57247142322415,0.571075209534479,100.0,5.07411848176696
Netherlands,NLD,2015,1.80598562591626,0.341319074512326,0.0,100.0,0.341319074512326,0.722325857106918,100.0,3.22369511295742
Netherlands,NLD,2016,1.86399139098136,0.195597657921628,0.0,100.0,0.195597657921628,0.74420571641313,100.0,2.95398800403987
Netherlands,NLD,2017,1.96787421373596,0.215336076465677,0.0,100.0,0.215336076465677,0.707047096097429,100.0,1.24404166726913
Netherlands,NLD,2018,1.75987236955923,0.320730424537342,0.0,100.0,0.320730424537342,0.651230410891115,100.0,-0.541418167572743
Netherlands,NLD,2019,1.7588069903961,0.201138066501046,0.0,100.0,0.201138066501046,0.669252580441607,100.0,2.74268853622715
Netherlands,NLD,2020,1.73737205482673,0.0724657054602596,0.0,100.0,0.0724657054602596,0.658293937750636,100.0,1.66507103510882
North Macedonia,MKD,2008,11.4435151485936,0.488093382642879,0.0,99.2,0.003873880848081,2.59884655102828,65.45,22.4858461236378
North Macedonia,MKD,2009,10.3701684908181,0.395939209308769,0.0,99.2,0.0015898333728568,2.62420340667032,66.75,2.71988885326493
North Macedonia,MKD,2010,10.1206048077275,0.768594443338146,0.0,99.5,0.0059329715648027,2.66185610098826,68.1,-13.4786453727306
North Macedonia,MKD,2011,9.35099292094117,0.729394320951639,0.0,99.7,0.0175393459653316,2.75498642060967,69.2,1.83381433381433
North Macedonia,MKD,2012,9.10471970396591,0.624404038814223,0.0,99.6,0.019239705166019,2.94922129964022,70.3,-16.0447540886816
North Macedonia,MKD,2013,10.0274760854448,0.654134855552125,0.0,99.7,0.0145254980389802,2.49141899693584,71.5,8.57625092302823
North Macedonia,MKD,2014,10.1775672771312,0.714203354731409,0.0,99.8,0.0179010041466017,2.32531395404308,72.6,3.11872530604313
North Macedonia,MKD,2015,9.72691849418736,0.510154705439398,0.0,99.9,0.0144349706054265,2.64343167369883,73.5,1.85923808925598
North Macedonia,MKD,2016,9.17290831294816,0.493973961519753,0.0,100.0,0.0107031509486604,2.55812012225505,75.1,-0.382326642617087
North Macedonia,MKD,2017,7.87324504211252,0.411741295807213,0.0,100.0,0.0004745116359742,2.68411689870565,75.7,-12.4578290878703
North Macedonia,MKD,2018,8.47039846991427,0.171342632849988,0.0,99.8,0.0004115783660021,2.35375711143709,76.8,8.26969311271391
North Macedonia,MKD,2019,8.13229139447626,0.0002883283423364,0.0,100.0,0.0002883283423364,2.81475609248272,78.2,0.0718414263788532
North Macedonia,MKD,2020,8.56905928759264,0.0002472907301323,0.0,100.0,0.0002472907301323,2.64316835417941,79.6,2.48327622776962
Norway,NOR,2008,1.08255295779966,10.3020183718478,0.0,100.0,10.2986989078097,0.21501342957638,100.0,3.95890963491703
Norway,NOR,2009,1.2360885219239,6.65850209543548,0.0,100.0,6.65753529719314,0.266153624239145,100.0,1.54302079566892
Norway,NOR,2010,1.5247849522003,6.01921108770385,0.0,100.0,6.01240274247921,0.27305115677403,100.0,9.98827370283956
Norway,NOR,2011,1.30483723965979,7.89569785262854,0.0,100.0,7.88732370472113,0.234802880346416,100.0,4.08802128555743
Norway,NOR,2012,1.07727511345649,7.21278448607968,0.0,100.0,7.20581924994123,0.232739589046693,100.0,4.61618885538624
Norway,NOR,2013,1.25303567412594,6.23368372243037,0.0,100.0,6.22653789091165,0.24167617015239,100.0,-4.71458298364288
Norway,NOR,2014,1.38343133732434,5.74188481603779,0.0,100.0,5.73736562017344,0.256112719525124,100.0,7.36384184046111
Norway,NOR,2015,1.48183029554502,3.77785422316998,0.0,100.0,3.77589038604521,0.341727567893984,100.0,-5.54118819602191
Norway,NOR,2016,2.03389884901806,2.88451446890449,0.0,100.0,2.88451446890449,0.361574935151988,100.0,-5.99775759578286
Norway,NOR,2017,1.91877892439687,4.01726038453833,0.0,100.0,4.01726038453833,0.341713379204999,100.0,4.43328226905754
Norway,NOR,2018,1.81119901939869,5.42299407644147,0.0,100.0,5.42299407644147,0.324806999745276,100.0,-1.22762719280414
Norway,NOR,2019,1.78246102169707,4.58125148190583,0.0,100.0,4.58125148190583,0.351207659720173,100.0,0.982746821927563
Norway,NOR,2020,1.8439294251894,3.18099507439657,0.0,100.0,3.18099507439657,0.389566267230675,100.0,6.84970756402319
Paraguay,PRY,2008,13.4176454912948,1.57498771443714,1.4485073896372,96.7,0.126480324799942,0.494708142636727,53.1,9.89326521305496
Paraguay,PRY,2009,9.94793815611476,1.68876701804246,1.59887644506674,96.9,0.0898905729757249,0.595659537974706,55.0,-11.6800081940876
Paraguay,PRY,2010,13.0144797820733,2.1622094060019,2.04440052656105,97.4,0.117808879440848,0.557059568462078,56.9,41.7669554125804
Paraguay,PRY,2011,13.7962263457725,1.71367522465186,1.53797979801846,98.2,0.175695426633397,0.481433687017158,59.3,5.67642729668287
Paraguay,PRY,2012,10.0422288967986,1.73216774164191,1.54039568922254,97.8,0.191772052419373,0.505319542364143,61.1,-29.7839842274617
Paraguay,PRY,2013,12.8648395783659,1.7404305136966,1.5709386251408,99.0,0.169491888555804,0.463916497516651,62.8,43.5346949013963
Paraguay,PRY,2014,11.7708565049652,1.72290788602101,1.56472197033396,99.0,0.158185915687049,0.487573126300798,64.4,7.17993933429521
Paraguay,PRY,2015,9.44042072515891,1.74825697580599,1.65822649401944,99.3,0.0900304817865495,0.635194144709901,65.5,-1.44082713369572
Paraguay,PRY,2016,10.696513407573,1.94989162552721,1.8830878290918,98.4,0.0668037964354051,0.740665521580828,66.4,2.69616995630035
Paraguay,PRY,2017,10.1848244821521,1.73407053661574,1.69574379893675,99.3,0.0383267376789851,0.799919402404989,67.2,4.93543794522304
Paraguay,PRY,2018,9.95020338548856,1.55007568643218,1.49158694827015,99.6,0.0584887381620262,0.853697933767252,67.7,2.19926829712517
Paraguay,PRY,2019,9.66747366416727,1.40472344790444,1.35860186626761,99.7,0.0461215816368336,0.909649910120611,68.1,-3.38588426540605
Paraguay,PRY,2020,10.7279902822144,1.73361901941654,1.70848828321223,99.7,0.0251307362043053,1.03227149493767,68.3,7.44241660163087
Peru,PER,2008,7.16094114578461,7.75826563017481,0.195661214494449,84.7,0.89860959253876,0.915514362930105,61.9,7.44938893553504
Peru,PER,2009,7.40390665571257,5.65672071818966,0.164049360989544,86.4,0.412670050507661,1.00347371725624,63.9,0.303885391795092
Peru,PER,2010,6.82799723597835,6.54242556620795,0.250535748083646,88.1,0.480650156268263,0.940810597344822,65.7,0.978143259034852
Peru,PER,2011,7.10011013658205,7.50589801356522,0.200526429145465,89.7,0.82242712702382,0.908071330142112,67.8,8.12224079550812
Peru,PER,2012,6.72523424077649,6.1614422431802,0.170037884615205,91.1,0.664350835710216,0.828229944994455,69.8,1.77198128914613
Peru,PER,2013,6.66831016491401,4.43496845026311,0.191658027703358,92.1,0.576908865552091,0.842820878337753,71.7,2.605850504421
Peru,PER,2014,6.80424741378252,3.0401268041801,0.225912578112055,92.9,0.591112982801342,0.933901007187017,73.7,-1.08951484321615
Peru,PER,2015,7.04564405972046,2.29072454733953,0.189210091351036,93.9,0.24877815163583,1.03480302518111,75.5,3.95317597390137
Peru,PER,2016,6.93503461650105,2.91595068834264,0.234081968560906,94.2,0.114996035543677,1.11011585055071,77.6,1.73896990954402
Peru,PER,2017,6.77975956010925,3.74955487914633,0.18610450494601,94.8,0.157566712184688,1.00875998176771,79.5,2.96850050805632
Peru,PER,2018,6.88584285144097,3.8447577432192,0.135323323988863,95.2,0.321731219100192,1.010673414317,81.4,9.63205751744556
Peru,PER,2019,6.85303103477238,1.65142496692186,0.12405750973245,95.6,0.327780706797745,1.05159282984431,83.3,1.49805510013823
Peru,PER,2020,7.7158463734968,2.16456108211891,0.138015412797873,96.2,0.157267891279944,1.07153926768787,84.8,0.969182529376369
Poland,POL,2008,2.64309499472652,0.445552171439196,0.0,99.8,0.352731898869605,1.58383363665626,100.0,-1.25808369034338
Poland,POL,2009,2.62640625045433,0.296050980474294,0.0,100.0,0.17882277512685,1.9265925681407,100.0,11.5225612995202
Poland,POL,2010,2.91554815662609,1.19079083183441,0.0,100.0,0.218675983627503,1.94965792940284,100.0,0.0719624441050826
Poland,POL,2011,3.17180701243977,1.61743994539105,0.0,100.0,0.276969998903922,1.831508418672,100.0,0.794632569484065
Poland,POL,2012,2.98562113420809,0.443193940202461,0.0,100.0,0.208127937317358,1.97840752220141,100.0,-9.18455801221883
Poland,POL,2013,3.22652536867249,0.340743490926348,0.0,100.0,0.176177897937229,1.94016015440794,100.0,8.90490149841723
Poland,POL,2014,2.97119902232799,0.26892380970956,0.0,100.0,0.134234298123509,1.85540193623594,100.0,1.79020873971656
Poland,POL,2015,2.48363694237949,0.202021645110496,0.0,100.0,0.0998186801504259,2.18879059159772,100.0,-8.51553736059515
Poland,POL,2016,2.6237968659564,0.17697469747851,0.0,100.0,0.0802010308669439,2.38302376298354,100.0,0.473933649289094
Poland,POL,2017,2.98537285986431,0.240568821371575,0.0,100.0,0.0992918997714656,2.33003774502943,100.0,1.50534126140491
Poland,POL,2018,2.41564136866167,0.283466956224099,0.0,100.0,0.122084570912255,2.1668488359998,100.0,-8.65918510218657
Poland,POL,2019,2.37029744646443,0.180124336724235,0.0,100.0,0.0915204988141914,2.10714690300415,100.0,-2.08373497963454
Poland,POL,2020,2.56844423547416,0.1117856615611,0.0,100.0,0.0520976228306071,2.03936214719318,100.0,15.0527831669477
Portugal,PRT,2008,1.96377185231981,0.196999263701999,0.114954723608194,100.0,0.0244457536016662,0.599205642919227,100.0,3.71746030729534
Portugal,PRT,2009,1.95062621184125,0.112665685684194,0.109018823681824,100.0,0.0036276021138464,0.657461763123391,100.0,-3.29423510044808
Portugal,PRT,2010,1.94034870976094,0.175402721830987,0.105534490278056,100.0,0.0267203740539444,0.631471844740013,100.0,0.537447197028442
Portugal,PRT,2011,1.8384390598893,0.0841026699748833,0.0,100.0,0.0552672669140831,0.616862809721932,100.0,0.966048704232918
Portugal,PRT,2012,1.92004687349348,0.0812340516501046,0.0,100.0,0.045235329985514,0.709690480129566,100.0,-0.853555367881796
Portugal,PRT,2013,2.04188706497902,0.0567992008096526,0.0,100.0,0.0469168511517236,0.673690124287521,100.0,0.721213907584684
Portugal,PRT,2014,1.97659101484386,0.0516623812057021,0.0,100.0,0.0472877787735754,0.686726863958719,100.0,-2.34185399641372
Portugal,PRT,2015,1.97541250129625,0.0203951930053471,0.0,100.0,0.0199325643436486,0.893308657243091,100.0,2.54414505057481
Portugal,PRT,2016,1.92235840837832,0.0147750291612269,0.0,100.0,0.0147742824102917,0.869387373005813,100.0,-0.214620047283191
Portugal,PRT,2017,1.96367345206825,0.0460453887473928,0.0,100.0,0.0226972707742777,0.923129501821787,100.0,1.78669048920655
Portugal,PRT,2018,1.91817470918666,0.0858261922063373,0.0,100.0,0.0340519319849068,0.820383068037749,100.0,-0.226263473096679
Portugal,PRT,2019,1.99991845769704,0.0934581263856356,0.0,100.0,0.0299845550484761,0.778758775465382,100.0,4.12537641929318
Portugal,PRT,2020,2.14089692520428,0.177444129396746,0.0970036396649467,100.0,0.0187355835586288,0.757520372590476,100.0,-1.33105209741578
Romania,ROU,2008,6.30193056572848,1.57638005383417,0.0,96.5,1.573788462246,1.22175707445394,100.0,23.5095692823043
Romania,ROU,2009,6.11614263251912,0.995157561136865,0.0,96.8,0.988251402518539,1.29672092465701,100.0,-2.13316971564944
Romania,ROU,2010,5.1772466335768,1.0765263249105,0.0,97.1,1.06156215614756,1.3199156907919,100.0,-14.228345647419
Romania,ROU,2011,5.95088848587022,1.46906619428656,0.0,97.4,1.44676549062003,1.31773772714469,100.0,16.6034676398961
Romania,ROU,2012,4.54079724771484,1.42291459363195,0.0,97.8,1.40293335484725,1.44352803480755,100.0,-24.0945239644819
Romania,ROU,2013,5.50972556892124,1.21197467515051,0.0,98.1,1.19960869455283,1.24614038719687,100.0,33.2408068117389
Romania,ROU,2014,4.94834094527624,0.937295590765882,0.0,98.4,0.927262364199475,1.21184735974477,100.0,8.29135678546562
Romania,ROU,2015,4.42592968395419,0.60320226979093,0.0,98.8,0.594729032766152,1.44849097650311,100.0,-10.0505439921977
Romania,ROU,2016,4.2921753725524,0.362175747211638,0.0,99.1,0.353977168708578,1.40648273131984,100.0,2.20947522482213
Romania,ROU,2017,4.43884283682194,0.47732207471937,0.0,100.0,0.467934703203696,1.34050971369128,100.0,12.5630753263407
Romania,ROU,2018,4.49503850477091,0.64340107317087,0.0,99.8,0.633341570059485,1.23324549133215,100.0,11.1607558079302
Romania,ROU,2019,4.29922089922956,0.475352117230635,0.0,100.0,0.468319019268381,1.21867807223333,100.0,-0.449033685709551
Romania,ROU,2020,4.0647816898077,0.230256744533843,0.0,100.0,0.223723663983243,1.15956533216829,100.0,-15.2884089796474
Slovenia,SVN,2008,1.75871456280572,0.18078687209894,0.111559027125746,100.0,0.0692278449731942,0.857710510018726,100.0,-3.43615143253072
Slovenia,SVN,2009,1.76138111297772,0.1243543849349,0.102351493495432,100.0,0.0220028914394682,0.861360549859638,100.0,-8.84547445237082
Slovenia,SVN,2010,1.81942536718625,0.147993141948206,0.102972558073328,100.0,0.0450205838748784,0.94800959149262,100.0,1.96782807731435
Slovenia,SVN,2011,2.04087230966772,0.188644338760518,0.137524723889232,100.0,0.0511196148712864,0.920346856349688,100.0,4.82645972415195
Slovenia,SVN,2012,1.82601354087255,0.16809217522008,0.145982606813455,100.0,0.0221095684066246,1.0245654082301,100.0,-8.84692324502703
Slovenia,SVN,2013,1.8307708216806,0.157268996972867,0.146146185935727,100.0,0.0111228110371404,0.984627558412917,100.0,-1.39648042671811
Slovenia,SVN,2014,1.82135489758977,0.230327538368479,0.223439647672394,100.0,0.006887890696085,0.891074583981092,100.0,-1.23613271162226
Slovenia,SVN,2015,1.97361186480213,0.240998263099273,0.23540472543352,100.0,0.0055935376657533,1.0936742807055,100.0,16.9222947825061
Slovenia,SVN,2016,1.85129615497703,0.235164846792788,0.228629277258673,100.0,0.0065355695341151,1.1440456767362,100.0,-2.13805072466477
Slovenia,SVN,2017,1.69303673263207,0.233472819256906,0.225137561030566,100.0,0.0083352582263401,1.10729879441416,100.0,-5.97502692600504
Slovenia,SVN,2018,1.99134296260198,0.227195828420356,0.217188505293176,100.0,0.0100073231271799,1.03283295953542,100.0,17.1838717058898
Slovenia,SVN,2019,1.77040651705792,0.20558853500864,0.199419877942457,100.0,0.0061686570661827,1.03660939133014,100.0,-4.33743710028713
Slovenia,SVN,2020,1.89729714128329,0.184391195535805,0.179634504864874,100.0,0.0047566906709314,0.993773327106373,100.0,7.1076400547875
Spain,ESP,2008,2.35367195478016,0.0059644000405682,0.0,100.0,0.003378253938085,0.548523243703614,100.0,-2.29969035939185
Spain,ESP,2009,2.24960158062983,0.0014411361631801,0.0,100.0,0.0010665721557657,0.54273433219563,100.0,-3.25831493483371
Spain,ESP,2010,2.41740898393438,0.0092329813685381,0.0,100.0,0.0018891536552403,0.557236006528435,100.0,2.60242205617109
Spain,ESP,2011,2.3625185975353,0.0136710136275687,0.0,100.0,0.0018980076482341,0.562698870053283,100.0,5.15534189567339
Spain,ESP,2012,2.39776671776239,0.0199804857134865,0.0,100.0,0.0016998064460774,0.636624376736862,100.0,-9.18426529289346
Spain,ESP,2013,2.60946207875576,0.0168037236322344,0.0,100.0,0.0048442757857191,0.582900375466584,100.0,13.8322251023705
Spain,ESP,2014,2.52697678134345,0.0138340410482743,0.0,100.0,0.0031110069037886,0.593598553584518,100.0,-1.16167783241478
Spain,ESP,2015,2.72327046339292,0.0084084727733024,0.0,100.0,0.0011642571522764,0.74518125137793,100.0,4.83154696317072
Spain,ESP,2016,2.81522075003094,0.0071102974610555,0.0,100.0,0.0004183765647301,0.717385019727654,100.0,4.50375844056568
Spain,ESP,2017,2.80344676690393,0.0137045789674059,0.0,100.0,0.0004499642386738,0.750341852822401,100.0,-3.48674184699786
Spain,ESP,2018,2.70128254621885,0.0171947774440805,0.0,100.0,0.0006686658031013,0.70732174142055,100.0,4.1937725004737
Spain,ESP,2019,2.51980122994951,0.009815813424701,0.0,100.0,0.0004710660454381,0.700617233399395,100.0,-2.77020064254107
Spain,ESP,2020,2.78468031745976,0.0085268984429826,0.0,100.0,6.0002578126e-05,0.685729326628887,100.0,-1.97942643391521
Sweden,SWE,2008,1.25959310578854,0.131166657282545,0.0,100.0,0.0139292092278173,0.231264892652241,100.0,-15.4880133871731
Sweden,SWE,2009,1.13932850824165,0.0760375027368991,0.0,100.0,0.0124814838459469,0.265063613752381,100.0,4.4680713686159
Sweden,SWE,2010,1.36163812170019,0.369839374537089,0.0,100.0,0.0151368158100461,0.27008078846045,100.0,0.405859205999292
Sweden,SWE,2011,1.41169579751865,0.463777079486903,0.0,100.0,0.0220729799066752,0.226990251018737,100.0,4.76444517399868
Sweden,SWE,2012,1.25256677921832,0.143863603201331,0.0,100.0,0.0199927436955999,0.231678107746489,100.0,1.06153785890555
Sweden,SWE,2013,1.23061954894016,0.0949330670635121,0.0,100.0,0.0155009140836057,0.218403984135222,100.0,6.54457364341086
Sweden,SWE,2014,1.25158848475017,0.0734051862045647,0.0,100.0,0.0134461495694928,0.221431924269075,100.0,10.0551139567455
Sweden,SWE,2015,1.30289041518333,0.0702080707744759,0.0,100.0,0.0075069039011891,0.267658818187629,100.0,3.39641351954383
Sweden,SWE,2016,1.27441325068162,0.0813363489466276,0.0,100.0,0.0059575399089464,0.268524757367084,100.0,-0.617007672634273
Sweden,SWE,2017,1.31525688825892,0.135653655785586,0.0,100.0,0.0076576645387183,0.260297820749338,100.0,3.72342136584425
Sweden,SWE,2018,1.27924121516752,0.165515768884424,0.0,100.0,0.0201589457969788,0.249082937293866,100.0,-9.14574578610305
Sweden,SWE,2019,1.29094538271318,0.119056044921906,0.0,100.0,0.0191894103170098,0.259717954040394,100.0,8.12240787834308
Sweden,SWE,2020,1.19966667848375,0.117260007673305,0.0,100.0,0.0098306080100192,0.242448294258335,100.0,-4.9171270718232
Switzerland,CHE,2008,0.783533938641809,0.001625934359764,0.0008172739462661,100.0,0.0008086604134978,0.226382666374645,100.0,-0.0866378605793443
Switzerland,CHE,2009,0.722507576681507,0.0001512181001174,0.0,100.0,0.0001512181001174,0.212583432842804,100.0,4.78741944266068
Switzerland,CHE,2010,0.662940575575839,0.0002688230612275,0.0,100.0,0.0002164581596238,0.203005257985034,100.0,-3.39225062058553
Switzerland,CHE,2011,0.676699830016967,0.0005950159700732,0.000205972181547,100.0,0.0002667447778721,0.168650461130408,100.0,10.213300763724
Switzerland,CHE,2012,0.634586963665186,0.0007228119920035,0.0003117790105146,100.0,0.0003155794184853,0.187106617014843,100.0,-3.67365985733616
Switzerland,CHE,2013,0.662533713556518,0.0014322452862429,0.001142632056615,100.0,0.0002049086032846,0.193659964192507,100.0,-6.57870341341538
Switzerland,CHE,2014,0.708877665824655,0.0026298491022344,0.0023763463200066,100.0,0.0001897170997152,0.182114127637956,100.0,10.9675158335942
Switzerland,CHE,2015,0.62644626050893,0.0019146572336218,0.0018184425239662,100.0,9.62147096556018e-05,0.19123309627254,100.0,-9.4330514027762
Switzerland,CHE,2016,0.658010471667002,0.0016884759222396,0.0015982435397453,100.0,9.02323824943346e-05,0.205668042780661,100.0,0.939289937083387
Switzerland,CHE,2017,0.631333509411792,0.0016353342878916,0.0014958500927494,100.0,0.0001394841951421,0.208369643177971,100.0,-3.12421114004616
Switzerland,CHE,2018,0.643750702339479,0.0032658202714175,0.0030904050200032,100.0,0.0001754152514143,0.207953032167109,100.0,8.52153304504645
Switzerland,CHE,2019,0.647745526895984,0.0015194302012402,0.0011653338988386,100.0,0.0003540963024016,0.216073361668277,100.0,-3.81195612330198
Switzerland,CHE,2020,0.705477633321729,0.0014584935701474,0.0012767338655527,100.0,0.0001817597045947,0.204745781788113,100.0,-1.06382850224527
Thailand,THA,2008,10.0724338253633,2.52188149221477,0.0,94.8,2.50448415171961,2.17545543072986,70.5,2.93263814914016
Thailand,THA,2009,9.78703375942043,1.56648835368467,0.0,99.0,1.54329674826118,2.23773417215413,71.55,-0.244339522827062
Thailand,THA,2010,10.5221756369849,1.96090523561916,0.0,99.7,1.9367697579356,2.04952637197431,72.8,-0.457891544501493
Thailand,THA,2011,11.5917917775207,2.28547558050081,0.0,99.3,2.26217583808839,1.92550018192207,74.0,6.29829103228975
Thailand,THA,2012,11.5041001535767,2.25201168019925,0.0,99.1,2.2225174501832,2.0531941788989,75.3,2.705149368976
Thailand,THA,2013,11.3222153379773,2.0761317035499,0.0,99.4,2.05867609838119,2.14178753820878,76.4,0.702545756208849
Thailand,THA,2014,10.0889216151042,2.13126203212952,0.0,99.5,2.11668688914565,2.23785082874151,77.4,-0.288022532993111
Thailand,THA,2015,8.87272364786793,1.39781065741987,0.0,99.6,1.38897087616473,2.41201845933118,78.7,-6.4665744316689
Thailand,THA,2016,8.47807696285562,1.04344090116435,0.0,99.9,1.03173253841723,2.38469155942211,79.8,-1.15768741790244
Thailand,THA,2017,8.40641258665047,1.0584987577388,0.0,99.9,1.05847464551561,2.22160930115794,81.0,4.82182428669755
Thailand,THA,2018,8.20181926195524,1.3751946382943,0.0,99.8,1.37519249934744,2.08849599049716,82.2,6.09679269588439
Thailand,THA,2019,8.1285680400948,1.14261232362985,0.0,99.9,1.14261232362985,2.07907406244265,83.1,-0.980044607908297
Thailand,THA,2020,8.70285214673554,0.688355229537307,0.0,100.0,0.688355229537307,2.12561126405665,84.3,-3.15897818385233
Turkiye,TUR,2008,7.42466846883692,0.211901558349685,0.0,99.7,0.145724381380433,1.01034661988355,93.8,4.52502923613179
Turkiye,TUR,2009,8.07198879989725,0.156475678717103,0.0,99.7,0.0876447773532298,1.23892498378038,94.0,4.12817282938789
Turkiye,TUR,2010,8.9669281343332,0.33768816842234,0.0,100.0,0.0917414883582157,1.10202860515628,94.2,7.66995529497807
Turkiye,TUR,2011,8.17395626522538,0.418855825576037,0.0,100.0,0.127076864320525,1.13973735920015,94.5,3.43976003678688
Turkiye,TUR,2012,7.69487759202317,0.267474095758293,0.0,100.0,0.103798130602797,1.16918621252439,94.6,2.19539924144895
Turkiye,TUR,2013,6.67610812297851,0.214311807800166,0.0,100.0,0.0860887119243914,1.08358048319937,94.7,2.36811753134893
Turkiye,TUR,2014,6.55723547339657,0.171847425647182,0.0,100.0,0.0815983751187947,1.23230462519678,94.8,0.54801018595181
Turkiye,TUR,2015,6.86837534505832,0.0978441139403886,0.0,100.0,0.0397420558747258,1.43052987497512,94.8,9.25669711733705
Turkiye,TUR,2016,6.14229206403875,0.081775504374421,0.0,100.0,0.0315356199108909,1.56326829037952,95.0,-2.59355794696584
Turkiye,TUR,2017,6.03862979568919,0.09111466135248,0.0,100.0,0.0481724871218538,1.83546884911773,95.0,4.91916380214138
Turkiye,TUR,2018,5.79162073249373,0.157524196186398,0.0,100.0,0.0950737135041577,2.10443270130461,95.1,2.30130205271865
Turkiye,TUR,2019,6.40176095459275,0.170580829418903,0.0,100.0,0.0883228867356227,2.16603391357313,95.2,2.99498519326178
Turkiye,TUR,2020,6.66994132531181,0.155812831312569,0.0,100.0,0.0525090554096133,2.3635910716953,95.3,5.80865529385552
Ukraine,UKR,2008,6.53540152136768,1.4477509152271,0.0,99.8,1.23534337487894,4.53263258536234,94.2,16.8677409257008
Ukraine,UKR,2009,6.90539595920772,1.21918307385196,0.0,99.9,1.16491467027361,6.05406889190302,94.3,-1.99999996974567
Ukraine,UKR,2010,7.40220509822994,1.87636359717556,0.0,100.0,0.898611493068441,5.65262760937672,94.55,0.208151066341628
Ukraine,UKR,2011,8.15022183877887,2.11658672079074,0.0,100.0,1.18071114927828,5.2492888403384,94.6,19.5675716399794
Ukraine,UKR,2012,7.76131248389414,1.25272515009954,0.0,99.9,0.836121067634905,4.76725206732431,94.9,-4.00309192003294
Ukraine,UKR,2013,8.69230562102956,1.23535296147244,0.0,100.0,0.779950974870513,4.65413313137482,95.0,12.6353203484155
Ukraine,UKR,2014,10.1546081548161,1.1152949956599,0.0,100.0,0.806864505203705,6.06510515861557,95.1,-0.68022298789846
Ukraine,UKR,2015,12.0593761063371,0.62873374630086,0.0,100.0,0.623689356302003,7.00601953965949,95.3,-4.37804462306806
Ukraine,UKR,2016,11.7257009089167,0.580152253168311,0.0,100.0,0.422582846644037,7.67769454961728,95.2,6.33345286470882
Ukraine,UKR,2017,10.1776550393512,0.653951697515659,0.0,100.0,0.591598433571082,5.75612756626461,95.1,-2.52376645060261
Ukraine,UKR,2018,10.1395331070229,0.914624742038444,0.0,100.0,0.815487419149946,5.50249682244574,95.3,8.17648201671055
Ukraine,UKR,2019,8.96518101437243,0.533847209975614,0.0,100.0,0.528220731710352,4.57350849501398,95.2,1.00360668491844
Ukraine,UKR,2020,9.31015109807472,0.288413387143308,0.0,100.0,0.252452065249458,4.24071252864791,95.1,-10.6971278701998
United Kingdom,GBR,2008,0.674385040160643,1.22700625050897,0.0,100.0,1.22695110708487,0.478115748702392,100.0,26.43132258363
United Kingdom,GBR,2009,0.676006358462864,0.775767447514281,0.0,100.0,0.775668839157509,0.537409474880635,100.0,-7.14754479570759
United Kingdom,GBR,2010,0.586676348245908,0.777727313817722,0.0,100.0,0.777607939865628,0.55316655935344,100.0,-16.4171421164909
United Kingdom,GBR,2011,0.682489368996566,0.93922336278572,0.0,100.0,0.939041482448048,0.49638998600746,100.0,27.1602089437143
United Kingdom,GBR,2012,0.628400871790233,0.750405079443067,0.0,100.0,0.750313915222595,0.54206669964215,100.0,-16.1417053284056
United Kingdom,GBR,2013,0.633279834912744,0.616771334164628,0.0,100.0,0.616746469498848,0.535937619275028,100.0,-1.46348521806611
United Kingdom,GBR,2014,0.745014534118938,0.49151553983355,0.0,100.0,0.49151553983355,0.464836527500492,100.0,40.9789237279682
United Kingdom,GBR,2015,0.631166672145544,0.302954009537778,0.0,100.0,0.302954009537778,0.485769843698995,100.0,-13.6125376291577
United Kingdom,GBR,2016,0.578868221997394,0.247595302853298,0.0,100.0,0.247595239214295,0.518690200770757,100.0,-10.4709817229073
United Kingdom,GBR,2017,0.594098772522404,0.354471445879867,0.0,100.0,0.354470949854152,0.517311825859217,100.0,4.87149586590256
United Kingdom,GBR,2018,0.571108913982411,0.561548668352516,0.0,100.0,0.561546989274838,0.49782797945177,100.0,-10.1925856711945
United Kingdom,GBR,2019,0.604721474036011,0.6,0.0,100.0,0.487798795551318,0.49821995009398,100.0,16.5716688230578
United Kingdom,GBR,2020,0.671076489218374,0.28,0.0,100.0,0.26016789745745,0.467780751980093,100.0,-3.26365909115674
